Device Name,WEATHER - 2636848,,,,,,,,,,,,,,,,,,,,,,
Device Model,5500L,,,,,,,,,,,,,,,,,,,,,,
Serial Number,2636848,,,,,,,,,,,,,,,,,,,,,,
FORMATTED DATE_TIME,Temperature,Wet Bulb Temp,Relative Humidity,Barometric Pressure,Altitude,Station Pressure,Wind Speed,Heat Index,Dew Point,Density Altitude,Crosswind,Headwind,Compass Magnetic Direction,Compass True Direction,Wind Chill,,,,,,,,
yyyy-MM-dd hh:mm:ss a,°C,°C,%,mb,m,mb,km/h,°C,°C,m,km/h,km/h,Deg,Deg,°C,Data Type,Record name,Start time,Duration (H:M:S),Location description,Location address,Location coordinates,Notes
5/20/22 18:11,21.5,8.3,17.7,760.7,2349,760.8,0,19.3,-4,3125,--,--,--,--,21.4,point,,,,,,,
5/20/22 18:11,21.5,8.3,17.7,760.7,2349,760.8,9.9,19.5,-4,3126,--,--,--,--,21.5,point,,,,,,,
5/20/22 18:11,21.5,8.3,17.9,760.7,2350,760.8,16,19.5,-3.9,3127,--,--,--,--,21.5,point,,,,,,,
5/20/22 18:11,21.4,8.3,18,760.7,2350,760.8,13,19.3,-3.9,3123,--,--,--,--,21.4,point,,,,,,,
5/20/22 18:11,21.4,8.4,18.1,760.7,2349,760.8,13.1,19.3,-3.8,3122,--,--,--,--,21.4,point,,,,,,,
5/20/22 18:11,21.5,8.4,18.1,760.7,2349,760.8,11.8,19.3,-3.8,3125,--,--,--,--,21.4,point,,,,,,,
5/20/22 18:11,21.6,8.4,18,760.7,2349,760.8,12.3,19.5,-3.7,3127,--,--,--,--,21.5,point,,,,,,,
5/20/22 18:11,21.5,8.4,18,760.9,2348,760.9,19.9,19.5,-3.8,3124,--,--,--,--,21.5,point,,,,,,,
5/20/22 18:11,21.4,8.3,17.9,760.9,2348,760.9,19.5,19.2,-4,3119,--,--,--,--,21.3,point,,,,,,,
5/20/22 18:11,21.3,8.2,17.9,760.9,2349,760.9,16.7,19.2,-4.1,3118,--,--,--,--,21.3,point,,,,,,,
5/20/22 18:11,21.3,8.2,17.8,760.7,2349,760.8,15.8,19,-4.1,3118,--,--,--,--,21.2,point,,,,,,,
5/20/22 18:11,21.2,8.1,17.8,760.7,2349,760.9,16,19,-4.2,3115,--,--,--,--,21.2,point,,,,,,,
5/20/22 18:11,21.2,8.1,17.7,760.7,2349,760.8,16.3,19,-4.2,3116,--,--,--,--,21.2,point,,,,,,,
5/20/22 18:11,21.2,8.1,17.7,760.9,2349,760.9,18.2,18.9,-4.3,3113,--,--,--,--,21.1,point,,,,,,,
5/20/22 18:11,21.2,8.1,17.7,760.9,2349,760.9,19.2,18.9,-4.3,3112,--,--,--,--,21.1,point,,,,,,,
5/20/22 18:11,21.1,8.1,17.7,760.9,2349,760.9,15,18.9,-4.3,3112,--,--,--,--,21.1,point,,,,,,,
5/20/22 18:11,21.1,8.1,17.7,760.9,2349,760.9,14.2,18.9,-4.3,3112,--,--,--,--,21.1,point,,,,,,,
5/20/22 18:11,21.1,8,17.7,760.7,2349,760.8,10.9,18.9,-4.3,3112,--,--,--,--,21.1,point,,,,,,,
5/20/22 18:11,21.1,8.1,17.7,760.9,2349,760.9,13.7,18.9,-4.3,3112,--,--,--,--,21.1,point,,,,,,,
5/20/22 18:11,21.2,8.1,17.7,760.9,2348,760.9,17.5,18.9,-4.3,3113,--,--,--,--,21.1,point,,,,,,,
5/20/22 18:11,21.2,8.1,17.7,760.7,2349,760.9,14.8,19,-4.2,3114,--,--,--,--,21.2,point,,,,,,,
5/20/22 18:11,21.2,8.1,17.7,760.7,2349,760.8,14.8,18.9,-4.3,3114,--,--,--,--,21.1,point,,,,,,,
5/20/22 18:11,21.1,8.1,17.8,760.7,2349,760.8,12.9,18.9,-4.3,3112,--,--,--,--,21.1,point,,,,,,,
5/20/22 18:11,21.1,8.1,17.8,760.9,2349,760.9,13.9,18.7,-4.3,3110,--,--,--,--,21,point,,,,,,,
5/20/22 18:11,21.1,8.1,17.8,760.7,2349,760.8,12.8,18.9,-4.3,3113,--,--,--,--,21.1,point,,,,,,,
5/20/22 18:11,21.3,8.1,17.8,760.7,2349,760.8,11.4,19,-4.2,3117,--,--,--,--,21.2,point,,,,,,,
5/20/22 18:11,21.4,8.3,17.8,760.7,2349,760.8,13.8,19.2,-4.1,3120,--,--,--,--,21.3,point,,,,,,,
5/20/22 18:11,21.4,8.3,17.8,760.9,2348,760.9,18.4,19.2,-4.1,3119,--,--,--,--,21.3,point,,,,,,,
5/20/22 18:11,21.3,8.2,17.8,760.7,2349,760.8,16.9,19.2,-4.1,3119,--,--,--,--,21.3,point,,,,,,,
5/20/22 18:11,21.3,8.2,17.8,760.7,2349,760.9,15.2,19.2,-4.1,3118,--,--,--,--,21.3,point,,,,,,,
5/20/22 18:12,21.3,8.1,17.8,760.7,2349,760.8,13.7,19,-4.2,3118,--,--,--,--,21.2,point,,,,,,,
5/20/22 18:12,21.3,8.1,17.8,760.7,2349,760.9,15.1,19,-4.2,3116,--,--,--,--,21.2,point,,,,,,,
5/20/22 18:12,21.2,8.1,17.8,760.9,2349,760.9,13.6,19,-4.2,3115,--,--,--,--,21.2,point,,,,,,,
5/20/22 18:12,21.2,8.1,17.8,760.9,2349,760.9,18.1,19,-4.2,3115,--,--,--,--,21.2,point,,,,,,,
5/20/22 18:12,21.2,8.1,17.8,760.9,2348,760.9,24,18.9,-4.2,3113,--,--,--,--,20.9,point,,,,,,,
5/20/22 18:12,21.1,8.1,17.8,761,2347,761,23.1,18.9,-4.3,3110,--,--,--,--,20.9,point,,,,,,,
5/20/22 18:12,21,8,17.8,761,2348,761,21.1,18.7,-4.4,3107,--,--,--,--,20.9,point,,,,,,,
5/20/22 18:12,21,8,17.8,760.9,2348,760.9,21.4,18.6,-4.4,3107,--,--,--,--,20.7,point,,,,,,,
5/20/22 18:12,21,8,17.8,760.9,2348,760.9,13.3,18.6,-4.4,3107,--,--,--,--,20.9,point,,,,,,,
5/20/22 18:12,21,8,17.8,760.9,2348,760.9,13.4,18.6,-4.4,3107,--,--,--,--,20.9,point,,,,,,,
5/20/22 18:12,21,8,17.8,761,2348,761,18.1,18.6,-4.3,3105,--,--,--,--,20.9,point,,,,,,,
5/20/22 18:12,20.9,7.9,17.8,760.9,2349,760.9,12.8,18.6,-4.4,3105,--,--,--,--,20.9,point,,,,,,,
5/20/22 18:12,20.9,7.9,17.8,760.9,2348,760.9,15,18.4,-4.4,3103,--,--,--,--,20.8,point,,,,,,,
5/20/22 18:12,20.9,7.9,17.8,760.9,2349,760.9,16.5,18.6,-4.4,3105,--,--,--,--,20.9,point,,,,,,,
5/20/22 18:12,20.9,7.9,17.9,760.7,2349,760.9,15.2,18.6,-4.4,3104,--,--,--,--,20.9,point,,,,,,,
5/20/22 18:12,20.9,7.9,17.9,760.7,2349,760.9,14.6,18.4,-4.4,3102,--,--,--,--,20.8,point,,,,,,,
5/20/22 18:12,20.9,8,17.9,761.2,2345,761.3,11.5,18.4,-4.4,3098,--,--,--,--,20.8,point,,,,,,,
5/20/22 18:12,20.9,8,17.9,760.5,2351,760.6,9.6,18.6,-4.3,3109,--,--,--,--,20.9,point,,,,,,,
5/20/22 18:12,21,8.1,17.9,760.7,2351,760.6,10.9,18.6,-4.3,3110,--,--,--,--,20.9,point,,,,,,,
5/20/22 18:12,21,8.1,17.9,760.7,2350,760.8,13.5,18.6,-4.2,3108,--,--,--,--,20.9,point,,,,,,,
5/20/22 18:12,21.1,8.1,18,760.9,2348,760.9,14,18.7,-4.2,3110,--,--,--,--,21,point,,,,,,,
5/20/22 18:12,21.2,8.2,18,760.7,2349,760.8,12.8,18.9,-4.1,3114,--,--,--,--,21.1,point,,,,,,,
5/20/22 18:12,21.1,8.2,18,760.9,2349,760.9,14.5,18.9,-4.1,3112,--,--,--,--,21.1,point,,,,,,,
5/20/22 18:12,21.1,8.1,18,760.7,2349,760.8,14.2,18.9,-4.1,3113,--,--,--,--,21.1,point,,,,,,,
5/20/22 18:12,21.1,8.1,18,760.7,2349,760.8,12.7,18.9,-4.1,3112,--,--,--,--,21.1,point,,,,,,,
5/20/22 18:12,21.1,8.1,18,760.7,2349,760.8,17,18.7,-4.2,3112,--,--,--,--,21,point,,,,,,,
5/20/22 18:12,21.1,8.1,18,760.9,2349,760.9,19.4,18.7,-4.2,3110,--,--,--,--,21,point,,,,,,,
5/20/22 18:12,20.9,8,17.9,760.9,2349,760.9,17.1,18.6,-4.3,3106,--,--,--,--,20.9,point,,,,,,,
5/20/22 18:12,20.9,8,17.9,760.7,2349,760.8,15.6,18.6,-4.3,3106,--,--,--,--,20.9,point,,,,,,,
5/20/22 18:12,20.9,8,17.9,760.7,2349,760.8,17.6,18.6,-4.3,3106,--,--,--,--,20.9,point,,,,,,,
5/20/22 18:13,20.9,8,17.9,760.7,2350,760.8,17.7,18.6,-4.3,3106,--,--,--,--,20.9,point,,,,,,,
5/20/22 18:13,20.9,8,17.9,760.7,2349,760.8,20.4,18.6,-4.3,3105,--,--,--,--,20.8,point,,,,,,,
5/20/22 18:13,20.9,8,18,760.7,2349,760.8,19.1,18.4,-4.3,3104,--,--,--,--,20.7,point,,,,,,,
5/20/22 18:13,20.9,8,18,760.7,2349,760.8,17.8,18.6,-4.3,3105,--,--,--,--,20.9,point,,,,,,,
5/20/22 18:13,20.9,8,18,760.7,2349,760.8,17.8,18.6,-4.3,3107,--,--,--,--,20.9,point,,,,,,,
5/20/22 18:13,21,8,18,760.7,2349,760.8,16.7,18.7,-4.2,3109,--,--,--,--,21,point,,,,,,,
5/20/22 18:13,21.1,8.1,18,760.7,2350,760.8,15.1,18.7,-4.2,3110,--,--,--,--,21,point,,,,,,,
5/20/22 18:13,21.1,8.1,18,760.7,2349,760.8,13.5,18.7,-4.2,3110,--,--,--,--,21,point,,,,,,,
5/20/22 18:13,21.1,8.1,18,760.9,2349,760.9,17.6,18.7,-4.2,3111,--,--,--,--,21,point,,,,,,,
5/20/22 18:13,21.1,8.1,18,760.9,2349,760.9,17.5,18.7,-4.2,3110,--,--,--,--,21,point,,,,,,,
5/20/22 18:13,21.1,8.1,18,760.7,2349,760.8,14.5,18.9,-4.1,3113,--,--,--,--,21.1,point,,,,,,,
5/20/22 18:13,21.2,8.2,18,760.7,2349,760.8,13.8,19,-4,3116,--,--,--,--,21.2,point,,,,,,,
5/20/22 18:13,21.3,8.2,18,760.7,2350,760.8,13.4,19,-4,3118,--,--,--,--,21.2,point,,,,,,,
5/20/22 18:13,21.3,8.2,18,760.7,2349,760.8,14.3,19,-4,3118,--,--,--,--,21.2,point,,,,,,,
5/20/22 18:13,21.2,8.2,18,760.7,2350,760.8,12.7,19,-4,3117,--,--,--,--,21.2,point,,,,,,,
5/20/22 18:13,21.2,8.2,18,760.7,2350,760.8,16.2,18.9,-4.1,3114,--,--,--,--,21.1,point,,,,,,,
5/20/22 18:13,21.1,8.1,17.9,760.7,2349,760.8,17.1,18.9,-4.2,3112,--,--,--,--,21.1,point,,,,,,,
5/20/22 18:13,21,8,17.9,760.7,2349,760.8,15.2,18.7,-4.2,3110,--,--,--,--,21,point,,,,,,,
5/20/22 18:13,21,8,17.9,760.9,2349,760.9,18.2,18.6,-4.3,3106,--,--,--,--,20.9,point,,,,,,,
5/20/22 18:13,20.9,8,17.9,760.7,2349,760.8,15.7,18.6,-4.3,3106,--,--,--,--,20.9,point,,,,,,,
5/20/22 18:13,21,8,17.9,760.9,2349,760.9,17,18.6,-4.3,3106,--,--,--,--,20.9,point,,,,,,,
5/20/22 18:13,21,8,17.9,760.7,2349,760.8,14.4,18.6,-4.2,3108,--,--,--,--,20.9,point,,,,,,,
5/20/22 18:13,21,8.1,18,760.7,2350,760.8,14.7,18.6,-4.2,3108,--,--,--,--,20.9,point,,,,,,,
5/20/22 18:13,21,8,18,760.7,2350,760.8,13.5,18.6,-4.2,3108,--,--,--,--,20.9,point,,,,,,,
5/20/22 18:13,21,8,18,760.7,2350,760.8,14.7,18.7,-4.2,3110,--,--,--,--,21,point,,,,,,,
5/20/22 18:13,21,8,18,760.7,2350,760.7,16.5,18.7,-4.2,3112,--,--,--,--,21,point,,,,,,,
5/20/22 18:13,21.1,8.1,18,760.7,2349,760.8,15.8,18.7,-4.2,3111,--,--,--,--,21,point,,,,,,,
5/20/22 18:13,21.1,8.1,18,760.7,2350,760.8,15.2,18.7,-4.2,3112,--,--,--,--,21,point,,,,,,,
5/20/22 18:13,21.1,8.1,18,760.7,2350,760.8,12.1,18.7,-4.2,3112,--,--,--,--,21,point,,,,,,,
5/20/22 18:13,21.1,8.1,18,760.7,2349,760.8,12.3,18.7,-4.2,3112,--,--,--,--,21,point,,,,,,,
5/20/22 18:14,21.1,8.1,18,760.7,2350,760.8,8.1,18.7,-4.2,3111,--,--,--,--,21,point,,,,,,,
5/20/22 18:14,21.1,8.1,18,760.7,2350,760.7,7.8,18.9,-4.2,3113,--,--,--,--,21.1,point,,,,,,,
5/20/22 18:14,21.1,8.2,18,760.7,2350,760.7,12.6,18.9,-4.1,3115,--,--,--,--,21.1,point,,,,,,,
5/20/22 18:14,21.1,8.1,18,760.7,2350,760.7,11.6,18.9,-4.1,3113,--,--,--,--,21.1,point,,,,,,,
5/20/22 18:14,21.2,8.2,18,760.7,2350,760.8,13.5,18.9,-4.1,3113,--,--,--,--,21.1,point,,,,,,,
5/20/22 18:14,21.2,8.2,18,760.7,2350,760.7,15.3,18.9,-4.1,3116,--,--,--,--,21.1,point,,,,,,,
5/20/22 18:14,21.1,8.1,17.9,760.7,2350,760.8,12.5,18.9,-4.1,3113,--,--,--,--,21.1,point,,,,,,,
5/20/22 18:14,21.1,8.1,17.9,760.7,2350,760.7,12.3,18.9,-4.2,3114,--,--,--,--,21.1,point,,,,,,,
5/20/22 18:14,21.1,8.2,17.9,760.7,2350,760.8,11.1,18.9,-4.1,3113,--,--,--,--,21.1,point,,,,,,,
5/20/22 18:14,21.2,8.2,17.9,760.7,2350,760.7,6.1,19,-4.1,3116,--,--,--,--,21.2,point,,,,,,,
5/20/22 18:14,21.3,8.2,17.9,760.7,2351,760.7,4.4,19,-4,3119,--,--,--,--,21.2,point,,,,,,,
5/20/22 18:14,21.3,8.2,17.9,760.7,2350,760.8,3.4,19.2,-4,3119,--,--,--,--,21.3,point,,,,,,,
5/20/22 18:14,21.3,8.2,17.9,760.7,2350,760.7,5.8,19.2,-4,3119,--,--,--,--,21.3,point,,,,,,,
5/20/22 18:14,21.3,8.2,17.9,760.7,2350,760.7,4.3,19,-4,3119,--,--,--,--,21.2,point,,,,,,,
5/20/22 18:14,21.2,8.2,17.9,760.7,2350,760.7,2.7,19,-4.1,3118,--,--,--,--,21.2,point,,,,,,,
5/20/22 18:14,21.2,8.2,17.9,760.7,2350,760.7,3,19,-4.1,3118,--,--,--,--,21.2,point,,,,,,,
5/20/22 18:14,21.2,8.2,17.9,760.7,2350,760.8,6.7,19,-4.1,3117,--,--,--,--,21.2,point,,,,,,,
5/20/22 18:14,21.2,8.2,17.9,760.7,2350,760.7,11.4,19,-4.1,3118,--,--,--,--,21.2,point,,,,,,,
5/20/22 18:14,21.2,8.2,17.9,760.7,2350,760.7,13.7,18.9,-4.1,3116,--,--,--,--,21.1,point,,,,,,,
5/20/22 18:14,21.1,8.1,17.9,760.7,2350,760.8,12.6,18.9,-4.2,3112,--,--,--,--,21.1,point,,,,,,,
5/20/22 18:14,21.1,8.1,17.9,760.7,2350,760.7,12.7,18.7,-4.2,3112,--,--,--,--,21,point,,,,,,,
5/20/22 18:14,21,8.1,17.9,760.7,2350,760.8,8.4,18.7,-4.3,3110,--,--,--,--,21,point,,,,,,,
5/20/22 18:14,21,8.1,17.9,760.7,2350,760.8,5.5,18.7,-4.3,3110,--,--,--,--,21,point,,,,,,,
5/20/22 18:14,21,8.1,17.9,760.7,2350,760.7,5.6,18.7,-4.3,3112,--,--,--,--,21,point,,,,,,,
5/20/22 18:14,21.1,8.1,17.9,760.7,2350,760.7,6.7,18.7,-4.2,3112,--,--,--,--,21,point,,,,,,,
5/20/22 18:14,21.1,8.1,17.9,760.7,2350,760.8,10.2,18.7,-4.2,3110,--,--,--,--,21,point,,,,,,,
5/20/22 18:14,21.1,8.1,17.9,760.7,2350,760.8,8.8,18.7,-4.2,3111,--,--,--,--,21,point,,,,,,,
5/20/22 18:14,21,8,17.9,760.7,2349,760.8,13.2,18.7,-4.2,3110,--,--,--,--,21,point,,,,,,,
5/20/22 18:14,21,8.1,17.9,760.7,2350,760.8,12.1,18.6,-4.3,3107,--,--,--,--,20.9,point,,,,,,,
5/20/22 18:14,20.9,8,17.9,760.7,2350,760.7,11.6,18.6,-4.3,3108,--,--,--,--,20.9,point,,,,,,,
5/20/22 18:15,20.9,8,17.9,760.7,2350,760.8,12.9,18.6,-4.3,3106,--,--,--,--,20.9,point,,,,,,,
5/20/22 18:15,20.9,7.9,17.9,760.7,2350,760.8,13.2,18.4,-4.4,3104,--,--,--,--,20.8,point,,,,,,,
5/20/22 18:15,20.8,7.9,17.9,760.7,2350,760.8,17,18.4,-4.4,3102,--,--,--,--,20.8,point,,,,,,,
5/20/22 18:15,20.7,7.8,17.9,760.7,2351,760.7,14.9,18.3,-4.5,3101,--,--,--,--,20.7,point,,,,,,,
5/20/22 18:15,20.7,7.8,17.9,760.7,2350,760.7,11.3,18.3,-4.5,3100,--,--,--,--,20.7,point,,,,,,,
5/20/22 18:15,20.7,7.8,17.9,760.7,2351,760.7,10.1,18.3,-4.5,3101,--,--,--,--,20.7,point,,,,,,,
5/20/22 18:15,20.7,7.8,17.9,760.7,2350,760.7,11.9,18.3,-4.5,3101,--,--,--,--,20.7,point,,,,,,,
5/20/22 18:15,20.8,7.9,18,760.7,2351,760.7,11.8,18.3,-4.4,3101,--,--,--,--,20.7,point,,,,,,,
5/20/22 18:15,20.8,7.9,18,760.7,2350,760.7,10.2,18.3,-4.4,3101,--,--,--,--,20.7,point,,,,,,,
5/20/22 18:15,20.8,7.9,18,760.7,2350,760.7,12.7,18.3,-4.4,3101,--,--,--,--,20.7,point,,,,,,,
5/20/22 18:15,20.8,8,18,760.7,2350,760.8,13.2,18.4,-4.3,3102,--,--,--,--,20.8,point,,,,,,,
5/20/22 18:15,20.8,8,18.1,760.7,2350,760.8,12.9,18.4,-4.3,3102,--,--,--,--,20.8,point,,,,,,,
5/20/22 18:15,20.8,8,18.1,760.7,2351,760.7,10.4,18.4,-4.3,3103,--,--,--,--,20.8,point,,,,,,,
5/20/22 18:15,20.9,8,18.1,760.7,2350,760.7,13.2,18.4,-4.3,3104,--,--,--,--,20.8,point,,,,,,,
5/20/22 18:15,20.9,8,18.1,760.7,2350,760.7,13.3,18.6,-4.2,3106,--,--,--,--,20.9,point,,,,,,,
5/20/22 18:15,20.9,8,18.1,760.7,2350,760.7,12.7,18.4,-4.2,3106,--,--,--,--,20.8,point,,,,,,,
5/20/22 18:15,20.9,8,18.1,760.7,2350,760.8,11.2,18.4,-4.2,3105,--,--,--,--,20.8,point,,,,,,,
5/20/22 18:15,20.9,8,18.1,760.7,2350,760.7,12.5,18.4,-4.2,3105,--,--,--,--,20.8,point,,,,,,,
5/20/22 18:15,20.9,8,18.1,760.7,2350,760.7,17.2,18.4,-4.2,3105,--,--,--,--,20.8,point,,,,,,,
5/20/22 18:15,20.9,8,18.1,760.7,2350,760.8,15.1,18.4,-4.2,3103,--,--,--,--,20.8,point,,,,,,,
5/20/22 18:15,20.9,8,18.1,760.7,2350,760.8,16,18.4,-4.2,3103,--,--,--,--,20.8,point,,,,,,,
5/20/22 18:15,20.9,8,18.1,760.7,2349,760.8,18.1,18.4,-4.2,3103,--,--,--,--,20.8,point,,,,,,,
5/20/22 18:15,20.8,8,18.1,760.7,2349,760.8,16.4,18.4,-4.2,3103,--,--,--,--,20.8,point,,,,,,,
5/20/22 18:15,20.9,8,18.1,760.7,2350,760.8,15.1,18.4,-4.2,3104,--,--,--,--,20.8,point,,,,,,,
5/20/22 18:15,21,8.1,18.1,760.7,2349,760.8,15.6,18.6,-4.1,3107,--,--,--,--,20.9,point,,,,,,,
5/20/22 18:15,21,8.1,18.1,760.7,2350,760.8,14.6,18.7,-4.1,3110,--,--,--,--,21,point,,,,,,,
5/20/22 18:15,21.2,8.2,18.1,760.7,2349,760.8,13.5,18.9,-4,3113,--,--,--,--,21.1,point,,,,,,,
5/20/22 18:15,21.2,8.2,18.1,760.7,2349,760.8,15.9,19,-3.9,3115,--,--,--,--,21.2,point,,,,,,,
5/20/22 18:15,21.2,8.2,18.1,760.7,2349,760.8,18.2,19,-3.9,3115,--,--,--,--,21.2,point,,,,,,,
5/20/22 18:15,21.1,8.1,18.1,760.7,2349,760.9,21.5,18.9,-4,3112,--,--,--,--,21,point,,,,,,,
5/20/22 18:16,21.1,8.1,18.1,760.7,2349,760.8,19.9,18.7,-4,3111,--,--,--,--,20.9,point,,,,,,,
5/20/22 18:16,21.1,8.1,18.1,760.7,2349,760.8,17.2,18.9,-4,3112,--,--,--,--,21.1,point,,,,,,,
5/20/22 18:16,21.1,8.1,18.2,760.7,2350,760.8,14.2,18.9,-4,3112,--,--,--,--,21.1,point,,,,,,,
5/20/22 18:16,21.1,8.1,18.2,760.7,2350,760.8,14.3,18.9,-4,3112,--,--,--,--,21.1,point,,,,,,,
5/20/22 18:16,21.2,8.2,18.2,760.7,2349,760.8,17.1,18.9,-4,3114,--,--,--,--,21.1,point,,,,,,,
5/20/22 18:16,21.1,8.1,18.2,760.7,2349,760.8,19.8,18.7,-4,3112,--,--,--,--,20.9,point,,,,,,,
5/20/22 18:16,21,8.1,18.2,760.7,2349,760.8,23,18.7,-4.1,3109,--,--,--,--,20.8,point,,,,,,,
5/20/22 18:16,20.9,8.1,18.2,760.7,2350,760.8,20.1,18.6,-4.1,3106,--,--,--,--,20.8,point,,,,,,,
5/20/22 18:16,20.9,8.1,18.2,760.7,2349,760.8,13.2,18.6,-4.1,3106,--,--,--,--,20.9,point,,,,,,,
5/20/22 18:16,21,8.1,18.2,760.7,2350,760.7,10.2,18.7,-4.1,3110,--,--,--,--,21,point,,,,,,,
5/20/22 18:16,21,8.1,18.2,760.7,2350,760.7,8.8,18.7,-4,3112,--,--,--,--,21,point,,,,,,,
5/20/22 18:16,21.1,8.1,18.2,760.7,2350,760.7,7.6,18.7,-4,3112,--,--,--,--,21,point,,,,,,,
5/20/22 18:16,21.1,8.1,18.2,760.7,2350,760.7,5.8,18.7,-4,3112,--,--,--,--,21,point,,,,,,,
5/20/22 18:16,21.1,8.1,18.2,760.7,2350,760.7,7.5,18.7,-4,3112,--,--,--,--,21,point,,,,,,,
5/20/22 18:16,21.1,8.1,18.2,760.7,2350,760.7,8.8,18.9,-4,3113,--,--,--,--,21.1,point,,,,,,,
5/20/22 18:16,21.1,8.1,18.2,760.7,2351,760.7,12.1,18.9,-3.9,3114,--,--,--,--,21.1,point,,,,,,,
5/20/22 18:16,21.2,8.2,18.2,760.7,2350,760.8,11.4,19,-3.8,3116,--,--,--,--,21.2,point,,,,,,,
5/20/22 18:16,21.2,8.2,18.2,760.7,2350,760.8,13.6,19,-3.9,3115,--,--,--,--,21.2,point,,,,,,,
5/20/22 18:16,21.1,8.1,18.2,760.7,2349,760.8,18.8,18.9,-3.9,3112,--,--,--,--,21.1,point,,,,,,,
5/20/22 18:16,21,8.1,18.2,760.7,2349,760.8,20.6,18.7,-4,3109,--,--,--,--,20.9,point,,,,,,,
5/20/22 18:16,21,8.1,18.2,760.9,2349,760.9,19,18.7,-4,3108,--,--,--,--,21,point,,,,,,,
5/20/22 18:16,21.1,8.1,18.2,760.9,2349,760.9,16.1,18.7,-4,3109,--,--,--,--,21,point,,,,,,,
5/20/22 18:16,21.1,8.1,18.2,760.7,2349,760.8,16,18.7,-4,3111,--,--,--,--,21,point,,,,,,,
5/20/22 18:16,21,8.1,18.2,760.7,2350,760.7,14.1,18.7,-4,3111,--,--,--,--,21,point,,,,,,,
5/20/22 18:16,21,8.1,18.2,760.7,2350,760.7,11.4,18.7,-4,3111,--,--,--,--,21,point,,,,,,,
5/20/22 18:16,21,8.1,18.2,760.7,2351,760.7,12.6,18.7,-4,3111,--,--,--,--,21,point,,,,,,,
5/20/22 18:16,21,8.1,18.2,760.7,2350,760.7,13.2,18.7,-4,3110,--,--,--,--,21,point,,,,,,,
5/20/22 18:16,21,8.1,18.2,760.7,2350,760.8,12.9,18.6,-4.1,3107,--,--,--,--,20.9,point,,,,,,,
5/20/22 18:16,21,8.1,18.2,760.7,2350,760.7,13.2,18.6,-4,3109,--,--,--,--,20.9,point,,,,,,,
5/20/22 18:16,21,8.1,18.2,760.7,2350,760.7,11.3,18.7,-4,3111,--,--,--,--,21,point,,,,,,,
5/20/22 18:17,21.1,8.1,18.2,760.7,2351,760.7,14.6,18.7,-4,3112,--,--,--,--,21,point,,,,,,,
5/20/22 18:17,21.1,8.1,18.3,760.7,2350,760.8,16.8,18.7,-4,3111,--,--,--,--,21,point,,,,,,,
5/20/22 18:17,21.1,8.1,18.3,760.7,2350,760.8,14.1,18.7,-3.9,3112,--,--,--,--,21,point,,,,,,,
5/20/22 18:17,21.1,8.1,18.3,760.7,2350,760.8,14.5,18.9,-3.9,3113,--,--,--,--,21.1,point,,,,,,,
5/20/22 18:17,21.2,8.2,18.3,760.7,2350,760.8,17.1,18.9,-3.9,3114,--,--,--,--,21.1,point,,,,,,,
5/20/22 18:17,21.2,8.3,18.3,760.7,2349,760.8,14.1,19,-3.8,3116,--,--,--,--,21.2,point,,,,,,,
5/20/22 18:17,21.3,8.3,18.3,760.7,2350,760.8,14.7,19,-3.8,3118,--,--,--,--,21.2,point,,,,,,,
5/20/22 18:17,21.3,8.3,18.3,760.7,2349,760.8,21,19,-3.8,3118,--,--,--,--,21.1,point,,,,,,,
5/20/22 18:17,21.2,8.2,18.3,760.7,2349,760.9,19.7,18.9,-3.9,3112,--,--,--,--,21.1,point,,,,,,,
5/20/22 18:17,21.1,8.1,18.3,760.7,2349,760.8,23.8,18.7,-4,3111,--,--,--,--,20.8,point,,,,,,,
5/20/22 18:17,21,8.1,18.3,760.9,2349,760.9,22.7,18.7,-4,3107,--,--,--,--,20.8,point,,,,,,,
5/20/22 18:17,21,8.1,18.3,760.7,2350,760.8,16.6,18.7,-4,3110,--,--,--,--,21,point,,,,,,,
5/20/22 18:17,21.1,8.1,18.3,760.7,2350,760.7,13,18.9,-3.9,3113,--,--,--,--,21.1,point,,,,,,,
5/20/22 18:17,21.2,8.3,18.3,760.7,2351,760.7,13.5,19,-3.8,3118,--,--,--,--,21.2,point,,,,,,,
5/20/22 18:17,21.3,8.3,18.3,760.7,2350,760.8,15.3,19,-3.8,3119,--,--,--,--,21.2,point,,,,,,,
5/20/22 18:17,21.2,8.3,18.2,760.7,2350,760.7,11.8,19,-3.8,3119,--,--,--,--,21.2,point,,,,,,,
5/20/22 18:17,21.2,8.3,18.2,760.7,2350,760.7,13.1,19,-3.8,3118,--,--,--,--,21.2,point,,,,,,,
5/20/22 18:17,21.2,8.2,18.2,760.7,2350,760.7,14.3,18.9,-3.9,3116,--,--,--,--,21.1,point,,,,,,,
5/20/22 18:17,21.1,8.2,18.2,760.7,2350,760.7,15,18.9,-3.9,3115,--,--,--,--,21.1,point,,,,,,,
5/20/22 18:17,21.1,8.1,18.2,760.7,2350,760.7,16.3,18.9,-3.9,3114,--,--,--,--,21.1,point,,,,,,,
5/20/22 18:17,21.1,8.1,18.2,760.7,2350,760.7,18.8,18.9,-3.9,3113,--,--,--,--,21.1,point,,,,,,,
5/20/22 18:17,21,8.1,18.2,760.7,2350,760.7,14.9,18.7,-4,3111,--,--,--,--,21,point,,,,,,,
5/20/22 18:17,21.1,8.1,18.2,760.7,2350,760.8,15.9,18.7,-4,3110,--,--,--,--,21,point,,,,,,,
5/20/22 18:17,21.1,8.1,18.2,760.7,2350,760.7,16.9,18.7,-4,3112,--,--,--,--,21,point,,,,,,,
5/20/22 18:17,21.1,8.1,18.2,760.7,2350,760.7,16.5,18.7,-4,3112,--,--,--,--,21,point,,,,,,,
5/20/22 18:17,21,8.1,18.2,760.7,2350,760.7,13.8,18.7,-4,3110,--,--,--,--,21,point,,,,,,,
5/20/22 18:17,21,8.1,18.2,760.7,2351,760.7,11.6,18.7,-4,3111,--,--,--,--,21,point,,,,,,,
5/20/22 18:17,21.1,8.1,18.2,760.7,2351,760.7,12.8,18.7,-4,3112,--,--,--,--,21,point,,,,,,,
5/20/22 18:17,21.1,8.1,18.3,760.7,2350,760.7,14.3,18.7,-4,3112,--,--,--,--,21,point,,,,,,,
5/20/22 18:17,21.1,8.2,18.3,760.7,2351,760.7,12.2,18.9,-3.9,3115,--,--,--,--,21.1,point,,,,,,,
5/20/22 18:18,21.2,8.3,18.3,760.7,2351,760.7,13.3,19,-3.8,3117,--,--,--,--,21.2,point,,,,,,,
5/20/22 18:18,21.3,8.3,18.3,760.7,2351,760.7,16.7,19,-3.8,3119,--,--,--,--,21.2,point,,,,,,,
5/20/22 18:18,21.4,8.4,18.3,760.7,2351,760.7,14.3,19.2,-3.7,3122,--,--,--,--,21.3,point,,,,,,,
5/20/22 18:18,21.4,8.4,18.3,760.7,2351,760.7,16.4,19.2,-3.7,3122,--,--,--,--,21.3,point,,,,,,,
5/20/22 18:18,21.3,8.3,18.3,760.7,2350,760.7,16.3,19,-3.8,3119,--,--,--,--,21.2,point,,,,,,,
5/20/22 18:18,21.2,8.3,18.3,760.7,2350,760.7,14.4,19,-3.8,3117,--,--,--,--,21.2,point,,,,,,,
5/20/22 18:18,21.2,8.2,18.3,760.7,2350,760.8,16.6,18.9,-3.9,3114,--,--,--,--,21.1,point,,,,,,,
5/20/22 18:18,21.2,8.2,18.3,760.7,2349,760.8,17.6,18.9,-3.9,3115,--,--,--,--,21.1,point,,,,,,,
5/20/22 18:18,21.2,8.3,18.3,760.7,2350,760.8,16.5,19,-3.8,3115,--,--,--,--,21.2,point,,,,,,,
5/20/22 18:18,21.2,8.3,18.3,760.7,2350,760.8,14.8,19,-3.8,3116,--,--,--,--,21.2,point,,,,,,,
5/20/22 18:18,21.2,8.3,18.3,760.7,2350,760.8,13.3,19,-3.8,3116,--,--,--,--,21.2,point,,,,,,,
5/20/22 18:18,21.2,8.3,18.3,760.7,2350,760.8,13.9,19,-3.8,3117,--,--,--,--,21.2,point,,,,,,,
5/20/22 18:18,21.3,8.3,18.3,760.7,2350,760.8,14.1,19.2,-3.8,3119,--,--,--,--,21.3,point,,,,,,,
5/20/22 18:18,21.3,8.3,18.3,760.7,2350,760.7,11.4,19.2,-3.8,3119,--,--,--,--,21.3,point,,,,,,,
5/20/22 18:18,21.2,8.3,18.3,760.7,2350,760.7,11.4,19,-3.8,3118,--,--,--,--,21.2,point,,,,,,,
5/20/22 18:18,21.3,8.3,18.3,760.7,2350,760.7,11.6,19,-3.8,3119,--,--,--,--,21.2,point,,,,,,,
5/20/22 18:18,21.3,8.3,18.3,760.7,2350,760.7,12.2,19,-3.8,3119,--,--,--,--,21.2,point,,,,,,,
5/20/22 18:18,21.3,8.3,18.3,760.7,2350,760.8,11.5,19,-3.8,3118,--,--,--,--,21.2,point,,,,,,,
5/20/22 18:18,21.2,8.3,18.3,760.7,2350,760.7,12.9,19,-3.8,3117,--,--,--,--,21.2,point,,,,,,,
5/20/22 18:18,21.1,8.2,18.3,760.7,2350,760.7,16.4,18.9,-3.9,3115,--,--,--,--,21.1,point,,,,,,,
5/20/22 18:18,21.1,8.1,18.3,760.7,2350,760.8,14.5,18.9,-3.9,3112,--,--,--,--,21.1,point,,,,,,,
5/20/22 18:18,21.1,8.1,18.3,760.7,2350,760.7,12,18.9,-3.9,3113,--,--,--,--,21.1,point,,,,,,,
5/20/22 18:18,21.1,8.1,18.3,760.7,2351,760.7,11.8,18.9,-3.9,3113,--,--,--,--,21.1,point,,,,,,,
5/20/22 18:18,21.1,8.2,18.4,760.7,2351,760.7,11,18.9,-3.8,3114,--,--,--,--,21.1,point,,,,,,,
5/20/22 18:18,21.2,8.3,18.4,760.7,2350,760.7,12.8,18.9,-3.8,3115,--,--,--,--,21.1,point,,,,,,,
5/20/22 18:18,21.1,8.3,18.4,760.7,2350,760.7,12.8,18.9,-3.8,3115,--,--,--,--,21.1,point,,,,,,,
5/20/22 18:18,21.1,8.2,18.4,760.7,2350,760.8,13,18.9,-3.8,3112,--,--,--,--,21.1,point,,,,,,,
5/20/22 18:18,21.1,8.2,18.4,760.7,2350,760.7,12.3,18.9,-3.8,3114,--,--,--,--,21.1,point,,,,,,,
5/20/22 18:18,21.2,8.3,18.4,760.7,2350,760.7,12.5,19,-3.8,3116,--,--,--,--,21.2,point,,,,,,,
5/20/22 18:18,21.3,8.3,18.4,760.7,2351,760.7,14.1,19.2,-3.7,3119,--,--,--,--,21.3,point,,,,,,,
5/20/22 18:19,21.3,8.3,18.4,760.7,2350,760.7,14.3,19,-3.7,3119,--,--,--,--,21.2,point,,,,,,,
5/20/22 18:19,21.3,8.3,18.4,760.7,2350,760.7,12.5,19,-3.7,3119,--,--,--,--,21.2,point,,,,,,,
5/20/22 18:19,21.2,8.3,18.4,760.7,2350,760.8,9.6,19,-3.8,3116,--,--,--,--,21.2,point,,,,,,,
5/20/22 18:19,21.2,8.3,18.4,760.7,2350,760.8,8.8,19,-3.8,3115,--,--,--,--,21.2,point,,,,,,,
5/20/22 18:19,21.2,8.3,18.4,760.7,2350,760.7,8.9,19,-3.8,3117,--,--,--,--,21.2,point,,,,,,,
5/20/22 18:19,21.3,8.3,18.4,760.7,2350,760.7,10.1,19,-3.7,3119,--,--,--,--,21.2,point,,,,,,,
5/20/22 18:19,21.4,8.4,18.4,760.7,2350,760.8,14.4,19.2,-3.6,3120,--,--,--,--,21.3,point,,,,,,,
5/20/22 18:19,21.3,8.3,18.4,760.7,2349,760.8,18.4,19.2,-3.7,3119,--,--,--,--,21.3,point,,,,,,,
5/20/22 18:19,21.3,8.3,18.4,760.7,2350,760.8,15.3,19,-3.7,3119,--,--,--,--,21.2,point,,,,,,,
5/20/22 18:19,21.3,8.3,18.4,760.7,2350,760.8,12.6,19,-3.7,3119,--,--,--,--,21.2,point,,,,,,,
5/20/22 18:19,21.4,8.4,18.4,760.7,2350,760.7,14.6,19.2,-3.6,3122,--,--,--,--,21.3,point,,,,,,,
5/20/22 18:19,21.5,8.4,18.4,760.7,2349,760.8,17.6,19.3,-3.5,3124,--,--,--,--,21.4,point,,,,,,,
5/20/22 18:19,21.5,8.5,18.4,760.7,2349,760.8,17.2,19.5,-3.5,3126,--,--,--,--,21.5,point,,,,,,,
5/20/22 18:19,21.5,8.5,18.4,760.7,2349,760.8,15.9,19.5,-3.5,3126,--,--,--,--,21.5,point,,,,,,,
5/20/22 18:19,21.6,8.5,18.4,760.7,2349,760.8,17,19.5,-3.5,3128,--,--,--,--,21.5,point,,,,,,,
5/20/22 18:19,21.6,8.5,18.4,760.7,2350,760.8,16.8,19.5,-3.5,3129,--,--,--,--,21.6,point,,,,,,,
5/20/22 18:19,21.5,8.5,18.4,760.7,2350,760.7,14.7,19.5,-3.5,3128,--,--,--,--,21.5,point,,,,,,,
5/20/22 18:19,21.6,8.5,18.3,760.7,2350,760.8,16.7,19.5,-3.5,3128,--,--,--,--,21.5,point,,,,,,,
5/20/22 18:19,21.6,8.5,18.3,760.7,2349,760.9,18.4,19.5,-3.5,3128,--,--,--,--,21.6,point,,,,,,,
5/20/22 18:19,21.6,8.5,18.3,760.7,2349,760.8,17,19.5,-3.5,3129,--,--,--,--,21.6,point,,,,,,,
5/20/22 18:19,21.6,8.5,18.3,760.7,2349,760.8,17.8,19.5,-3.5,3128,--,--,--,--,21.5,point,,,,,,,
5/20/22 18:19,21.5,8.4,18.3,760.7,2349,760.8,18,19.5,-3.6,3126,--,--,--,--,21.5,point,,,,,,,
5/20/22 18:19,21.4,8.4,18.3,760.9,2349,760.9,20.9,19.3,-3.6,3122,--,--,--,--,21.4,point,,,,,,,
5/20/22 18:19,21.4,8.4,18.3,760.9,2349,760.9,18.3,19.2,-3.7,3119,--,--,--,--,21.3,point,,,,,,,
5/20/22 18:19,21.3,8.3,18.3,760.9,2349,760.9,19.4,19.2,-3.8,3118,--,--,--,--,21.3,point,,,,,,,
5/20/22 18:19,21.3,8.3,18.3,760.9,2349,760.9,17.7,19,-3.8,3117,--,--,--,--,21.2,point,,,,,,,
5/20/22 18:19,21.2,8.3,18.3,760.7,2349,760.8,17.3,19,-3.8,3117,--,--,--,--,21.2,point,,,,,,,
5/20/22 18:19,21.2,8.3,18.3,760.7,2349,760.8,19.8,19,-3.8,3116,--,--,--,--,21.2,point,,,,,,,
5/20/22 18:19,21.2,8.3,18.3,760.9,2348,760.9,23,19,-3.8,3114,--,--,--,--,21.1,point,,,,,,,
5/20/22 18:19,21.2,8.3,18.3,760.7,2349,760.8,20.1,19,-3.8,3116,--,--,--,--,21.2,point,,,,,,,
5/20/22 18:20,21.2,8.3,18.3,760.7,2350,760.8,21.2,19,-3.8,3115,--,--,--,--,21.1,point,,,,,,,
5/20/22 18:20,21.2,8.3,18.3,760.7,2349,760.8,24.4,18.9,-3.8,3115,--,--,--,--,20.9,point,,,,,,,
5/20/22 18:20,21.2,8.2,18.3,760.7,2349,760.8,22.5,18.9,-3.9,3113,--,--,--,--,21,point,,,,,,,
5/20/22 18:20,21.2,8.2,18.3,760.7,2349,760.8,18.1,18.9,-3.8,3114,--,--,--,--,21.1,point,,,,,,,
5/20/22 18:20,21.1,8.1,18.3,760.7,2350,760.8,17.4,18.9,-3.9,3112,--,--,--,--,21.1,point,,,,,,,
5/20/22 18:20,21.1,8.1,18.4,760.7,2350,760.7,13,18.9,-3.9,3113,--,--,--,--,21.1,point,,,,,,,
5/20/22 18:20,21.1,8.2,18.4,760.7,2350,760.8,12.3,18.9,-3.8,3112,--,--,--,--,21.1,point,,,,,,,
5/20/22 18:20,21.1,8.2,18.4,760.7,2350,760.7,11.6,19,-3.8,3113,--,--,--,--,21.1,point,,,,,,,
5/20/22 18:20,21.2,8.3,18.4,760.7,2350,760.7,14.8,19,-3.8,3115,--,--,--,--,21.1,point,,,,,,,
5/20/22 18:20,21.2,8.3,18.5,760.7,2350,760.8,17.3,19.1,-3.7,3117,--,--,--,--,21.2,point,,,,,,,
5/20/22 18:20,21.3,8.3,18.5,760.7,2349,760.8,20.5,19.1,-3.6,3118,--,--,--,--,21.2,point,,,,,,,
5/20/22 18:20,21.1,8.3,18.5,760.7,2349,760.8,20.4,19,-3.7,3113,--,--,--,--,21,point,,,,,,,
5/20/22 18:20,21.1,8.2,18.5,760.7,2350,760.8,16.6,18.8,-3.8,3112,--,--,--,--,21,point,,,,,,,
5/20/22 18:20,21.1,8.2,18.5,760.9,2349,760.9,19.4,18.8,-3.8,3112,--,--,--,--,21,point,,,,,,,
5/20/22 18:20,21.1,8.2,18.6,760.9,2349,760.9,16,19,-3.7,3112,--,--,--,--,21.1,point,,,,,,,
5/20/22 18:20,21.1,8.3,18.6,760.7,2349,760.8,18.7,19,-3.7,3115,--,--,--,--,21.1,point,,,,,,,
5/20/22 18:20,21.2,8.3,18.6,760.9,2348,760.9,26.7,19,-3.6,3114,--,--,--,--,20.8,point,,,,,,,
5/20/22 18:20,21.2,8.3,18.6,760.9,2348,760.9,26.5,19,-3.6,3115,--,--,--,--,20.8,point,,,,,,,
5/20/22 18:20,21.2,8.3,18.6,760.7,2349,760.8,20.5,19.1,-3.6,3118,--,--,--,--,21.2,point,,,,,,,
5/20/22 18:20,21.3,8.4,18.6,760.7,2349,760.8,20.1,19.3,-3.5,3119,--,--,--,--,21.3,point,,,,,,,
5/20/22 18:20,21.2,8.3,18.6,760.9,2349,760.9,25.8,19.1,-3.6,3116,--,--,--,--,21,point,,,,,,,
5/20/22 18:20,21.2,8.3,18.6,760.9,2349,760.9,21.8,19.1,-3.6,3115,--,--,--,--,21.1,point,,,,,,,
5/20/22 18:20,21.2,8.3,18.6,760.7,2349,760.8,21.5,19.1,-3.6,3117,--,--,--,--,21.1,point,,,,,,,
5/20/22 18:20,21.2,8.3,18.7,760.9,2349,760.9,24.2,19.1,-3.5,3116,--,--,--,--,21,point,,,,,,,
5/20/22 18:20,21.2,8.4,18.7,760.9,2348,760.9,26.9,19.1,-3.5,3116,--,--,--,--,20.9,point,,,,,,,
5/20/22 18:20,21.1,8.2,18.7,760.9,2348,760.9,24.4,19,-3.6,3113,--,--,--,--,20.9,point,,,,,,,
5/20/22 18:20,21,8.2,18.7,760.9,2348,760.9,25.3,18.8,-3.7,3110,--,--,--,--,20.7,point,,,,,,,
5/20/22 18:20,21,8.2,18.7,760.9,2348,760.9,23.4,18.7,-3.7,3107,--,--,--,--,20.7,point,,,,,,,
5/20/22 18:20,20.9,8.2,18.7,760.9,2349,760.9,20.1,18.7,-3.7,3107,--,--,--,--,20.8,point,,,,,,,
5/20/22 18:20,21,8.2,18.8,760.9,2348,760.9,23.1,18.7,-3.7,3108,--,--,--,--,20.7,point,,,,,,,
5/20/22 18:21,21,8.2,18.8,760.9,2348,760.9,24.2,18.7,-3.7,3107,--,--,--,--,20.6,point,,,,,,,
5/20/22 18:21,21,8.2,18.8,760.9,2348,760.9,24.3,18.7,-3.7,3107,--,--,--,--,20.6,point,,,,,,,
5/20/22 18:21,21,8.2,18.8,760.7,2349,760.8,18.5,18.8,-3.6,3111,--,--,--,--,21,point,,,,,,,
5/20/22 18:21,21.1,8.2,18.8,760.7,2349,760.8,16.9,18.8,-3.6,3112,--,--,--,--,21,point,,,,,,,
5/20/22 18:21,21.1,8.2,18.8,760.7,2350,760.8,18,18.8,-3.6,3112,--,--,--,--,21,point,,,,,,,
5/20/22 18:21,21.1,8.2,18.8,760.7,2349,760.9,22.6,18.8,-3.6,3111,--,--,--,--,20.8,point,,,,,,,
5/20/22 18:21,21.1,8.2,18.8,760.9,2348,760.9,22.5,18.8,-3.5,3112,--,--,--,--,20.8,point,,,,,,,
5/20/22 18:21,21.1,8.4,18.8,760.9,2349,760.9,18.6,19,-3.5,3112,--,--,--,--,21.1,point,,,,,,,
5/20/22 18:21,21.2,8.4,18.8,760.7,2349,760.8,16.7,19.1,-3.5,3117,--,--,--,--,21.2,point,,,,,,,
5/20/22 18:21,21.3,8.4,18.8,760.7,2349,760.8,18.8,19.1,-3.4,3119,--,--,--,--,21.2,point,,,,,,,
5/20/22 18:21,21.2,8.4,18.8,760.7,2349,760.8,22.3,19.1,-3.4,3118,--,--,--,--,21.1,point,,,,,,,
5/20/22 18:21,21.2,8.4,18.8,760.9,2349,760.9,23.2,19.1,-3.5,3116,--,--,--,--,21.1,point,,,,,,,
5/20/22 18:21,21.2,8.4,18.8,760.9,2348,760.9,18.8,19.1,-3.5,3116,--,--,--,--,21.2,point,,,,,,,
5/20/22 18:21,21.3,8.4,18.8,760.9,2349,760.9,17.8,19.1,-3.4,3118,--,--,--,--,21.2,point,,,,,,,
5/20/22 18:21,21.3,8.4,18.8,760.9,2349,760.9,18.3,19.1,-3.4,3118,--,--,--,--,21.2,point,,,,,,,
5/20/22 18:21,21.3,8.4,18.8,760.7,2349,760.8,21.1,19.3,-3.4,3119,--,--,--,--,21.3,point,,,,,,,
5/20/22 18:21,21.2,8.4,18.7,760.9,2348,760.9,23.4,19.1,-3.5,3116,--,--,--,--,21.1,point,,,,,,,
5/20/22 18:21,21.2,8.4,18.7,760.9,2349,760.9,19,19.1,-3.5,3115,--,--,--,--,21.2,point,,,,,,,
5/20/22 18:21,21.2,8.4,18.7,760.9,2349,760.9,18.1,19.1,-3.5,3117,--,--,--,--,21.2,point,,,,,,,
5/20/22 18:21,21.4,8.4,18.7,760.7,2349,760.8,17.2,19.4,-3.4,3123,--,--,--,--,21.4,point,,,,,,,
5/20/22 18:21,21.6,8.5,18.7,760.7,2349,760.8,17,19.6,-3.3,3128,--,--,--,--,21.5,point,,,,,,,
5/20/22 18:21,21.6,8.6,18.6,760.9,2348,760.9,21.5,19.6,-3.2,3130,--,--,--,--,21.6,point,,,,,,,
5/20/22 18:21,21.5,8.5,18.6,760.9,2348,760.9,26.5,19.6,-3.3,3127,--,--,--,--,21.4,point,,,,,,,
5/20/22 18:21,21.4,8.5,18.6,761,2347,761,26.9,19.3,-3.5,3119,--,--,--,--,21.1,point,,,,,,,
5/20/22 18:21,21.3,8.4,18.6,761,2347,761,26.6,19.1,-3.6,3116,--,--,--,--,21,point,,,,,,,
5/20/22 18:21,21.3,8.4,18.6,761,2347,761,22,19.1,-3.6,3117,--,--,--,--,21.1,point,,,,,,,
5/20/22 18:21,21.2,8.3,18.5,760.9,2349,760.9,23.4,19.1,-3.6,3117,--,--,--,--,21.1,point,,,,,,,
5/20/22 18:21,21.2,8.3,18.5,760.9,2348,760.9,26.9,19.1,-3.6,3115,--,--,--,--,20.9,point,,,,,,,
5/20/22 18:21,21.1,8.2,18.5,761,2347,761,31.7,19,-3.7,3111,--,--,--,--,20.7,point,,,,,,,
5/20/22 18:21,21,8.2,18.5,761,2347,761,28.5,18.7,-3.8,3107,--,--,--,--,20.5,point,,,,,,,
5/20/22 18:22,20.9,8.1,18.6,760.9,2348,760.9,22.6,18.7,-3.9,3106,--,--,--,--,20.7,point,,,,,,,
5/20/22 18:22,21,8.2,18.6,760.9,2349,760.9,18.3,18.7,-3.8,3107,--,--,--,--,20.9,point,,,,,,,
5/20/22 18:22,21.1,8.2,18.6,760.7,2349,760.8,16.1,19,-3.7,3114,--,--,--,--,21.1,point,,,,,,,
5/20/22 18:22,21.2,8.3,18.6,760.7,2350,760.8,16.5,19.1,-3.6,3118,--,--,--,--,21.2,point,,,,,,,
5/20/22 18:22,21.3,8.4,18.6,760.7,2349,760.8,18.3,19.3,-3.5,3119,--,--,--,--,21.3,point,,,,,,,
5/20/22 18:22,21.3,8.4,18.6,760.9,2349,760.9,20.7,19.3,-3.5,3119,--,--,--,--,21.3,point,,,,,,,
5/20/22 18:22,21.4,8.5,18.6,760.9,2348,760.9,20.5,19.4,-3.4,3122,--,--,--,--,21.4,point,,,,,,,
5/20/22 18:22,21.4,8.4,18.6,760.9,2349,760.9,17.7,19.3,-3.4,3121,--,--,--,--,21.3,point,,,,,,,
5/20/22 18:22,21.3,8.4,18.6,760.9,2349,760.9,14.4,19.1,-3.5,3118,--,--,--,--,21.2,point,,,,,,,
5/20/22 18:22,21.2,8.3,18.6,760.7,2349,760.8,14.3,19.1,-3.6,3118,--,--,--,--,21.2,point,,,,,,,
5/20/22 18:22,21.2,8.3,18.6,760.9,2349,760.9,19.1,19.1,-3.6,3116,--,--,--,--,21.2,point,,,,,,,
5/20/22 18:22,21.2,8.3,18.6,760.7,2349,760.9,17.3,19,-3.6,3114,--,--,--,--,21.1,point,,,,,,,
5/20/22 18:22,21.1,8.2,18.6,760.7,2349,760.8,14.2,19,-3.7,3113,--,--,--,--,21.1,point,,,,,,,
5/20/22 18:22,21.1,8.2,18.6,760.7,2349,760.8,19.7,18.8,-3.7,3112,--,--,--,--,21,point,,,,,,,
5/20/22 18:22,21,8.2,18.6,760.7,2349,760.8,22.3,18.8,-3.7,3111,--,--,--,--,20.8,point,,,,,,,
5/20/22 18:22,21,8.2,18.7,760.9,2349,760.9,20.7,18.8,-3.7,3109,--,--,--,--,20.9,point,,,,,,,
5/20/22 18:22,21.1,8.2,18.7,760.9,2349,760.9,19.9,18.8,-3.7,3110,--,--,--,--,20.9,point,,,,,,,
5/20/22 18:22,21.1,8.2,18.7,760.7,2349,760.8,18.2,19,-3.6,3114,--,--,--,--,21.1,point,,,,,,,
5/20/22 18:22,21.1,8.2,18.7,760.9,2349,760.9,17.4,19,-3.6,3112,--,--,--,--,21.1,point,,,,,,,
5/20/22 18:22,21.1,8.2,18.7,760.7,2349,760.8,14.8,18.8,-3.6,3112,--,--,--,--,21,point,,,,,,,
5/20/22 18:22,21.2,8.3,18.7,760.7,2349,760.8,13.3,19,-3.5,3115,--,--,--,--,21.1,point,,,,,,,
5/20/22 18:22,21.2,8.4,18.7,760.7,2349,760.8,15,19.1,-3.5,3118,--,--,--,--,21.2,point,,,,,,,
5/20/22 18:22,21.3,8.4,18.7,760.7,2349,760.8,16.4,19.3,-3.4,3120,--,--,--,--,21.3,point,,,,,,,
5/20/22 18:22,21.4,8.4,18.7,760.7,2349,760.8,19.5,19.3,-3.4,3121,--,--,--,--,21.3,point,,,,,,,
5/20/22 18:22,21.3,8.4,18.7,760.9,2349,760.9,19.1,19.1,-3.5,3118,--,--,--,--,21.2,point,,,,,,,
5/20/22 18:22,21.2,8.4,18.7,760.7,2349,760.8,14.6,19.1,-3.5,3116,--,--,--,--,21.2,point,,,,,,,
5/20/22 18:22,21.2,8.3,18.7,760.7,2350,760.8,15.3,19,-3.6,3116,--,--,--,--,21.1,point,,,,,,,
5/20/22 18:22,21.2,8.3,18.7,760.7,2349,760.9,16.4,19,-3.6,3114,--,--,--,--,21.1,point,,,,,,,
5/20/22 18:22,21.1,8.2,18.7,760.7,2349,760.8,13.5,19,-3.6,3114,--,--,--,--,21.1,point,,,,,,,
5/20/22 18:22,21.1,8.2,18.7,760.7,2349,760.8,16.8,19,-3.6,3113,--,--,--,--,21.1,point,,,,,,,
5/20/22 18:23,21.1,8.2,18.7,760.9,2349,760.9,19.4,18.8,-3.6,3111,--,--,--,--,21,point,,,,,,,
5/20/22 18:23,21.1,8.2,18.7,760.7,2349,760.8,18,18.8,-3.7,3112,--,--,--,--,21,point,,,,,,,
5/20/22 18:23,21.1,8.2,18.7,760.7,2350,760.8,15.7,18.8,-3.7,3112,--,--,--,--,21,point,,,,,,,
5/20/22 18:23,21.1,8.2,18.7,760.7,2349,760.8,15.9,18.8,-3.7,3112,--,--,--,--,21,point,,,,,,,
5/20/22 18:23,21,8.2,18.7,760.9,2349,760.9,17.7,18.8,-3.7,3110,--,--,--,--,21,point,,,,,,,
5/20/22 18:23,21,8.2,18.7,760.9,2348,760.9,16.7,18.8,-3.7,3109,--,--,--,--,21,point,,,,,,,
5/20/22 18:23,21,8.2,18.7,760.9,2349,760.9,17.4,18.7,-3.7,3108,--,--,--,--,20.9,point,,,,,,,
5/20/22 18:23,21,8.2,18.8,760.7,2350,760.8,14.4,18.7,-3.7,3108,--,--,--,--,20.9,point,,,,,,,
5/20/22 18:23,20.9,8.2,18.8,760.7,2350,760.8,15.9,18.7,-3.7,3107,--,--,--,--,20.9,point,,,,,,,
5/20/22 18:23,20.9,8.2,18.8,760.7,2349,760.8,17.5,18.7,-3.7,3106,--,--,--,--,20.9,point,,,,,,,
5/20/22 18:23,20.9,8.2,18.8,760.7,2349,760.9,19.8,18.5,-3.7,3104,--,--,--,--,20.7,point,,,,,,,
5/20/22 18:23,20.9,8.2,18.8,760.7,2349,760.8,15.9,18.7,-3.7,3106,--,--,--,--,20.9,point,,,,,,,
5/20/22 18:23,20.9,8.2,18.8,760.9,2349,760.9,13.2,18.7,-3.7,3105,--,--,--,--,20.9,point,,,,,,,
5/20/22 18:23,20.9,8.2,18.9,760.7,2350,760.8,14.8,18.7,-3.6,3107,--,--,--,--,20.9,point,,,,,,,
5/20/22 18:23,20.9,8.2,18.9,760.7,2350,760.8,14.9,18.5,-3.7,3105,--,--,--,--,20.8,point,,,,,,,
5/20/22 18:23,20.9,8.2,18.9,760.7,2350,760.8,17.7,18.5,-3.7,3105,--,--,--,--,20.8,point,,,,,,,
5/20/22 18:23,20.9,8.2,18.9,760.7,2349,760.8,23.1,18.5,-3.6,3105,--,--,--,--,20.5,point,,,,,,,
5/20/22 18:23,20.9,8.2,18.9,760.9,2348,760.9,24,18.5,-3.6,3104,--,--,--,--,20.5,point,,,,,,,
5/20/22 18:23,20.8,8.1,18.9,760.9,2349,760.9,19.2,18.5,-3.6,3103,--,--,--,--,20.7,point,,,,,,,
5/20/22 18:23,20.8,8.1,19,760.7,2349,760.8,16.2,18.5,-3.7,3103,--,--,--,--,20.8,point,,,,,,,
5/20/22 18:23,20.8,8.1,19,760.7,2349,760.8,14.4,18.5,-3.6,3104,--,--,--,--,20.8,point,,,,,,,
5/20/22 18:23,20.9,8.2,19,760.7,2349,760.8,14.6,18.7,-3.6,3107,--,--,--,--,20.9,point,,,,,,,
5/20/22 18:23,20.9,8.2,19,760.7,2350,760.8,17.4,18.7,-3.5,3108,--,--,--,--,20.9,point,,,,,,,
5/20/22 18:23,20.9,8.3,19,760.7,2350,760.8,19,18.7,-3.5,3108,--,--,--,--,20.9,point,,,,,,,
5/20/22 18:23,20.9,8.2,19,760.7,2349,760.8,20.5,18.7,-3.5,3108,--,--,--,--,20.8,point,,,,,,,
5/20/22 18:23,20.9,8.2,19,760.9,2349,760.9,20.5,18.7,-3.5,3106,--,--,--,--,20.8,point,,,,,,,
5/20/22 18:23,20.9,8.2,19,760.9,2349,760.9,15.4,18.7,-3.5,3106,--,--,--,--,20.9,point,,,,,,,
5/20/22 18:23,20.9,8.2,19,760.9,2349,760.9,17,18.7,-3.5,3106,--,--,--,--,20.9,point,,,,,,,
5/20/22 18:23,20.9,8.2,19,760.7,2349,760.8,18.7,18.7,-3.5,3108,--,--,--,--,20.9,point,,,,,,,
5/20/22 18:23,21,8.3,19,760.7,2350,760.8,19.9,18.7,-3.5,3108,--,--,--,--,20.8,point,,,,,,,
5/20/22 18:24,21,8.3,19.1,760.7,2350,760.8,19.8,18.7,-3.5,3110,--,--,--,--,20.8,point,,,,,,,
5/20/22 18:24,21.1,8.4,19.1,760.9,2349,760.9,21,18.8,-3.4,3111,--,--,--,--,20.9,point,,,,,,,
5/20/22 18:24,21.2,8.4,19.1,760.9,2349,760.9,17.2,19,-3.3,3114,--,--,--,--,21.1,point,,,,,,,
5/20/22 18:24,21.2,8.4,19,760.9,2349,760.9,15.5,19.1,-3.3,3116,--,--,--,--,21.2,point,,,,,,,
5/20/22 18:24,21.3,8.4,19,760.9,2348,760.9,14.5,19.1,-3.2,3118,--,--,--,--,21.2,point,,,,,,,
5/20/22 18:24,21.3,8.5,19,761,2348,761,19.2,19.3,-3.2,3117,--,--,--,--,21.3,point,,,,,,,
5/20/22 18:24,21.3,8.5,19,761,2347,761.1,21.2,19.3,-3.2,3117,--,--,--,--,21.3,point,,,,,,,
5/20/22 18:24,21.3,8.4,19,761,2347,761,20.4,19.3,-3.2,3118,--,--,--,--,21.3,point,,,,,,,
5/20/22 18:24,21.3,8.4,18.9,761,2347,761,17.5,19.3,-3.3,3118,--,--,--,--,21.3,point,,,,,,,
5/20/22 18:24,21.2,8.4,18.9,761,2347,761.1,25.3,19.1,-3.3,3114,--,--,--,--,21,point,,,,,,,
5/20/22 18:24,21.1,8.4,18.9,760.9,2348,760.9,20.2,19,-3.4,3112,--,--,--,--,21,point,,,,,,,
5/20/22 18:24,21.1,8.4,18.9,760.9,2349,760.9,20.7,19,-3.5,3112,--,--,--,--,21,point,,,,,,,
5/20/22 18:24,21.1,8.4,18.9,760.9,2349,760.9,19.6,19,-3.4,3113,--,--,--,--,21.1,point,,,,,,,
5/20/22 18:24,21.2,8.4,18.9,760.9,2349,760.9,19.3,19.1,-3.3,3117,--,--,--,--,21.2,point,,,,,,,
5/20/22 18:24,21.3,8.4,18.9,760.9,2349,760.9,18.6,19.1,-3.3,3118,--,--,--,--,21.2,point,,,,,,,
5/20/22 18:24,21.3,8.4,18.9,760.9,2349,760.9,17.4,19.3,-3.3,3119,--,--,--,--,21.3,point,,,,,,,
5/20/22 18:24,21.3,8.4,18.9,760.9,2349,760.9,19.1,19.3,-3.3,3119,--,--,--,--,21.3,point,,,,,,,
5/20/22 18:24,21.2,8.4,18.9,760.9,2348,760.9,22.8,19.1,-3.3,3117,--,--,--,--,21.1,point,,,,,,,
5/20/22 18:24,21.3,8.4,18.9,760.9,2348,760.9,22.8,19.1,-3.3,3118,--,--,--,--,21.1,point,,,,,,,
5/20/22 18:24,21.3,8.4,18.9,760.9,2348,760.9,19,19.3,-3.3,3119,--,--,--,--,21.3,point,,,,,,,
5/20/22 18:24,21.3,8.4,18.9,760.7,2349,760.9,12.9,19.3,-3.3,3119,--,--,--,--,21.3,point,,,,,,,
5/20/22 18:24,21.4,8.5,18.9,760.7,2349,760.8,13.3,19.3,-3.2,3122,--,--,--,--,21.3,point,,,,,,,
5/20/22 18:24,21.4,8.5,18.9,760.7,2349,760.8,16.6,19.4,-3.2,3124,--,--,--,--,21.4,point,,,,,,,
5/20/22 18:24,21.4,8.5,18.9,760.9,2349,760.9,20.2,19.4,-3.2,3122,--,--,--,--,21.4,point,,,,,,,
5/20/22 18:24,21.4,8.4,18.9,760.9,2349,760.9,22.9,19.3,-3.3,3120,--,--,--,--,21.2,point,,,,,,,
5/20/22 18:24,21.3,8.4,18.9,760.9,2348,760.9,24.2,19.3,-3.3,3119,--,--,--,--,21.2,point,,,,,,,
5/20/22 18:24,21.3,8.4,18.9,761,2348,761,24.9,19.3,-3.3,3117,--,--,--,--,21.1,point,,,,,,,
5/20/22 18:24,21.2,8.4,18.9,760.9,2349,760.9,20.1,19.1,-3.4,3116,--,--,--,--,21.2,point,,,,,,,
5/20/22 18:24,21.2,8.4,18.9,760.9,2349,760.9,20.8,19,-3.4,3114,--,--,--,--,21,point,,,,,,,
5/20/22 18:24,21.1,8.4,18.9,760.7,2349,760.8,22,19,-3.4,3113,--,--,--,--,21,point,,,,,,,
5/20/22 18:25,21.1,8.4,19,760.9,2348,760.9,20.2,18.8,-3.5,3111,--,--,--,--,20.9,point,,,,,,,
5/20/22 18:25,21.1,8.4,19,760.9,2348,760.9,21.7,18.8,-3.4,3112,--,--,--,--,20.9,point,,,,,,,
5/20/22 18:25,21.1,8.4,19,761,2348,761,25.6,19,-3.4,3111,--,--,--,--,20.8,point,,,,,,,
5/20/22 18:25,21.1,8.4,19,761,2348,761,25.4,18.8,-3.4,3111,--,--,--,--,20.7,point,,,,,,,
5/20/22 18:25,21.1,8.4,19,760.9,2348,760.9,22.4,19,-3.4,3112,--,--,--,--,21,point,,,,,,,
5/20/22 18:25,21.1,8.4,19,760.9,2348,760.9,25.3,19,-3.4,3113,--,--,--,--,20.9,point,,,,,,,
5/20/22 18:25,21.1,8.4,19,761,2348,761,31.1,19,-3.4,3111,--,--,--,--,20.7,point,,,,,,,
5/20/22 18:25,21.1,8.4,19,761,2347,761.1,29.5,18.8,-3.4,3109,--,--,--,--,20.6,point,,,,,,,
5/20/22 18:25,21.1,8.4,19,761,2347,761,22,18.8,-3.5,3110,--,--,--,--,20.8,point,,,,,,,
5/20/22 18:25,21,8.3,19,761,2347,761,26.8,18.8,-3.5,3108,--,--,--,--,20.7,point,,,,,,,
5/20/22 18:25,21,8.3,19,761,2348,761,24.1,18.8,-3.5,3109,--,--,--,--,20.8,point,,,,,,,
5/20/22 18:25,21.1,8.4,18.9,760.9,2348,760.9,22.2,19,-3.4,3113,--,--,--,--,21,point,,,,,,,
5/20/22 18:25,21.3,8.4,18.9,760.9,2349,760.9,20.7,19.1,-3.3,3117,--,--,--,--,21.2,point,,,,,,,
5/20/22 18:25,21.4,8.5,18.9,760.9,2349,760.9,18.1,19.3,-3.2,3120,--,--,--,--,21.3,point,,,,,,,
5/20/22 18:25,21.4,8.5,18.9,760.7,2349,760.8,13.8,19.4,-3.2,3124,--,--,--,--,21.4,point,,,,,,,
5/20/22 18:25,21.4,8.5,18.9,760.7,2349,760.8,14.7,19.4,-3.2,3124,--,--,--,--,21.4,point,,,,,,,
5/20/22 18:25,21.4,8.5,18.9,760.9,2349,760.9,24,19.3,-3.2,3121,--,--,--,--,21.2,point,,,,,,,
5/20/22 18:25,21.4,8.4,18.9,760.7,2349,760.8,21,19.3,-3.2,3121,--,--,--,--,21.3,point,,,,,,,
5/20/22 18:25,21.4,8.4,18.9,760.9,2349,760.9,21.1,19.3,-3.2,3120,--,--,--,--,21.3,point,,,,,,,
5/20/22 18:25,21.4,8.5,18.9,760.9,2349,760.9,18.4,19.4,-3.2,3123,--,--,--,--,21.4,point,,,,,,,
5/20/22 18:25,21.5,8.6,18.9,760.9,2349,760.9,19.3,19.4,-3.2,3125,--,--,--,--,21.4,point,,,,,,,
5/20/22 18:25,21.5,8.6,18.8,760.9,2349,760.9,19.6,19.6,-3.1,3127,--,--,--,--,21.5,point,,,,,,,
5/20/22 18:25,21.6,8.6,18.8,760.7,2349,760.8,19.8,19.6,-3.1,3129,--,--,--,--,21.5,point,,,,,,,
5/20/22 18:25,21.5,8.6,18.8,760.9,2349,760.9,22.8,19.6,-3.2,3125,--,--,--,--,21.5,point,,,,,,,
5/20/22 18:25,21.4,8.5,18.8,760.9,2348,760.9,23.1,19.4,-3.3,3123,--,--,--,--,21.3,point,,,,,,,
5/20/22 18:25,21.4,8.5,18.7,760.9,2349,760.9,23.7,19.4,-3.3,3123,--,--,--,--,21.3,point,,,,,,,
5/20/22 18:25,21.4,8.5,18.7,760.9,2348,760.9,23,19.4,-3.3,3122,--,--,--,--,21.3,point,,,,,,,
5/20/22 18:25,21.4,8.5,18.7,760.9,2348,760.9,26.5,19.3,-3.4,3120,--,--,--,--,21.1,point,,,,,,,
5/20/22 18:25,21.3,8.4,18.7,761,2348,761,26.6,19.1,-3.5,3116,--,--,--,--,21,point,,,,,,,
5/20/22 18:25,21.2,8.4,18.7,760.9,2348,760.9,24.7,19.1,-3.5,3115,--,--,--,--,21,point,,,,,,,
5/20/22 18:26,21.2,8.4,18.7,761,2348,761,27.3,19.1,-3.5,3114,--,--,--,--,20.9,point,,,,,,,
5/20/22 18:26,21.3,8.4,18.7,761,2348,761,25,19.3,-3.5,3117,--,--,--,--,21.1,point,,,,,,,
5/20/22 18:26,21.4,8.4,18.7,760.9,2349,760.9,19.5,19.3,-3.4,3121,--,--,--,--,21.3,point,,,,,,,
5/20/22 18:26,21.4,8.4,18.7,760.7,2349,760.8,19.6,19.4,-3.4,3124,--,--,--,--,21.4,point,,,,,,,
5/20/22 18:26,21.5,8.5,18.7,760.9,2349,760.9,17.7,19.6,-3.3,3125,--,--,--,--,21.5,point,,,,,,,
5/20/22 18:26,21.5,8.5,18.7,760.7,2350,760.8,15.3,19.6,-3.3,3128,--,--,--,--,21.5,point,,,,,,,
5/20/22 18:26,21.6,8.5,18.7,760.9,2349,760.9,20.2,19.6,-3.2,3128,--,--,--,--,21.5,point,,,,,,,
5/20/22 18:26,21.5,8.5,18.6,761,2348,761,24.4,19.6,-3.3,3125,--,--,--,--,21.4,point,,,,,,,
5/20/22 18:26,21.5,8.5,18.6,760.7,2349,760.8,17.9,19.6,-3.3,3127,--,--,--,--,21.5,point,,,,,,,
5/20/22 18:26,21.5,8.5,18.6,760.7,2350,760.8,13.6,19.4,-3.4,3126,--,--,--,--,21.4,point,,,,,,,
5/20/22 18:26,21.5,8.5,18.6,760.9,2349,760.9,21.7,19.4,-3.4,3125,--,--,--,--,21.4,point,,,,,,,
5/20/22 18:26,21.5,8.5,18.6,760.7,2349,760.8,19.2,19.6,-3.3,3128,--,--,--,--,21.5,point,,,,,,,
5/20/22 18:26,21.6,8.5,18.6,760.7,2349,760.9,15.7,19.6,-3.3,3127,--,--,--,--,21.5,point,,,,,,,
5/20/22 18:26,21.6,8.5,18.6,760.7,2349,760.8,14.3,19.6,-3.3,3129,--,--,--,--,21.5,point,,,,,,,
5/20/22 18:26,21.6,8.5,18.6,760.7,2350,760.8,15.7,19.6,-3.3,3129,--,--,--,--,21.5,point,,,,,,,
5/20/22 18:26,21.6,8.5,18.6,760.7,2349,760.8,16.9,19.6,-3.3,3129,--,--,--,--,21.5,point,,,,,,,
5/20/22 18:26,21.6,8.5,18.5,760.7,2349,760.8,14.9,19.6,-3.4,3129,--,--,--,--,21.5,point,,,,,,,
5/20/22 18:26,21.6,8.5,18.5,760.7,2350,760.7,12.4,19.6,-3.3,3132,--,--,--,--,21.6,point,,,,,,,
5/20/22 18:26,21.6,8.5,18.5,760.7,2350,760.8,12.4,19.6,-3.3,3131,--,--,--,--,21.6,point,,,,,,,
5/20/22 18:26,21.6,8.5,18.5,760.7,2350,760.8,13.8,19.6,-3.4,3129,--,--,--,--,21.6,point,,,,,,,
5/20/22 18:26,21.6,8.5,18.5,760.7,2350,760.8,17.1,19.6,-3.4,3128,--,--,--,--,21.5,point,,,,,,,
5/20/22 18:26,21.5,8.5,18.5,760.7,2349,760.9,19.8,19.6,-3.4,3125,--,--,--,--,21.5,point,,,,,,,
5/20/22 18:26,21.5,8.5,18.5,760.9,2349,760.9,17.5,19.4,-3.5,3122,--,--,--,--,21.4,point,,,,,,,
5/20/22 18:26,21.4,8.4,18.5,760.7,2350,760.8,12.7,19.4,-3.5,3122,--,--,--,--,21.4,point,,,,,,,
5/20/22 18:26,21.4,8.4,18.5,760.7,2350,760.8,10.7,19.3,-3.5,3121,--,--,--,--,21.3,point,,,,,,,
5/20/22 18:26,21.4,8.4,18.5,760.7,2349,760.8,13.5,19.3,-3.5,3121,--,--,--,--,21.3,point,,,,,,,
5/20/22 18:26,21.5,8.5,18.5,760.7,2349,760.8,16.4,19.4,-3.5,3125,--,--,--,--,21.4,point,,,,,,,
5/20/22 18:26,21.4,8.5,18.5,760.7,2350,760.8,15,19.4,-3.5,3125,--,--,--,--,21.4,point,,,,,,,
5/20/22 18:26,21.4,8.5,18.5,760.7,2349,760.8,16.9,19.4,-3.5,3125,--,--,--,--,21.4,point,,,,,,,
5/20/22 18:26,21.4,8.5,18.5,760.9,2348,760.9,22,19.4,-3.5,3121,--,--,--,--,21.4,point,,,,,,,
5/20/22 18:27,21.4,8.4,18.5,760.9,2349,760.9,20.5,19.3,-3.5,3121,--,--,--,--,21.3,point,,,,,,,
5/20/22 18:27,21.4,8.4,18.5,760.7,2349,760.8,18.7,19.4,-3.5,3124,--,--,--,--,21.4,point,,,,,,,
5/20/22 18:27,21.4,8.4,18.5,760.9,2349,760.9,20.2,19.4,-3.5,3121,--,--,--,--,21.4,point,,,,,,,
5/20/22 18:27,21.4,8.4,18.5,760.7,2349,760.8,21.2,19.4,-3.5,3123,--,--,--,--,21.4,point,,,,,,,
5/20/22 18:27,21.4,8.5,18.5,760.9,2348,760.9,27.2,19.4,-3.5,3122,--,--,--,--,21.2,point,,,,,,,
5/20/22 18:27,21.3,8.4,18.5,761,2348,761,24.7,19.3,-3.5,3119,--,--,--,--,21.1,point,,,,,,,
5/20/22 18:27,21.3,8.4,18.5,760.9,2348,760.9,19.9,19.3,-3.6,3119,--,--,--,--,21.3,point,,,,,,,
5/20/22 18:27,21.4,8.5,18.5,760.9,2348,760.9,16.2,19.4,-3.4,3124,--,--,--,--,21.4,point,,,,,,,
5/20/22 18:27,21.5,8.5,18.6,760.7,2349,760.8,16.4,19.4,-3.4,3126,--,--,--,--,21.4,point,,,,,,,
5/20/22 18:27,21.5,8.5,18.6,760.7,2349,760.8,15.6,19.6,-3.4,3128,--,--,--,--,21.5,point,,,,,,,
5/20/22 18:27,21.6,8.5,18.6,760.7,2350,760.7,12.7,19.6,-3.3,3130,--,--,--,--,21.5,point,,,,,,,
5/20/22 18:27,21.6,8.5,18.6,760.9,2349,760.9,15.1,19.6,-3.3,3130,--,--,--,--,21.6,point,,,,,,,
5/20/22 18:27,21.7,8.5,18.5,760.9,2348,760.9,20.5,19.6,-3.3,3131,--,--,--,--,21.6,point,,,,,,,
5/20/22 18:27,21.6,8.5,18.5,761,2348,761,25.2,19.6,-3.4,3126,--,--,--,--,21.4,point,,,,,,,
5/20/22 18:27,21.4,8.5,18.5,760.9,2349,760.9,18.8,19.4,-3.4,3124,--,--,--,--,21.4,point,,,,,,,
5/20/22 18:27,21.4,8.4,18.5,760.7,2349,760.8,14.8,19.4,-3.5,3124,--,--,--,--,21.4,point,,,,,,,
5/20/22 18:27,21.4,8.4,18.5,760.7,2350,760.8,18,19.4,-3.5,3123,--,--,--,--,21.4,point,,,,,,,
5/20/22 18:27,21.4,8.4,18.6,760.9,2349,760.9,16.8,19.3,-3.5,3120,--,--,--,--,21.3,point,,,,,,,
5/20/22 18:27,21.3,8.4,18.6,760.7,2349,760.8,13.7,19.3,-3.5,3121,--,--,--,--,21.3,point,,,,,,,
5/20/22 18:27,21.3,8.3,18.6,760.9,2349,760.9,19.6,19.3,-3.5,3119,--,--,--,--,21.3,point,,,,,,,
5/20/22 18:27,21.2,8.3,18.6,760.7,2349,760.8,20.1,19.1,-3.6,3118,--,--,--,--,21.2,point,,,,,,,
5/20/22 18:27,21.3,8.4,18.6,760.9,2349,760.9,20.1,19.3,-3.5,3119,--,--,--,--,21.3,point,,,,,,,
5/20/22 18:27,21.4,8.4,18.6,760.7,2349,760.8,19.1,19.3,-3.5,3122,--,--,--,--,21.3,point,,,,,,,
5/20/22 18:27,21.3,8.4,18.6,760.7,2349,760.8,19.8,19.3,-3.5,3121,--,--,--,--,21.3,point,,,,,,,
5/20/22 18:27,21.3,8.4,18.6,760.7,2349,760.8,24.5,19.3,-3.5,3119,--,--,--,--,21.2,point,,,,,,,
5/20/22 18:27,21.4,8.4,18.6,760.7,2350,760.8,16.8,19.3,-3.5,3121,--,--,--,--,21.3,point,,,,,,,
5/20/22 18:27,21.4,8.4,18.6,760.7,2349,760.8,15.7,19.4,-3.4,3124,--,--,--,--,21.4,point,,,,,,,
5/20/22 18:27,21.4,8.4,18.6,760.7,2350,760.8,17.3,19.4,-3.4,3124,--,--,--,--,21.4,point,,,,,,,
5/20/22 18:27,21.4,8.4,18.6,760.7,2349,760.8,15.9,19.4,-3.4,3124,--,--,--,--,21.4,point,,,,,,,
5/20/22 18:27,21.5,8.5,18.6,760.7,2350,760.8,12.6,19.4,-3.4,3125,--,--,--,--,21.4,point,,,,,,,
5/20/22 18:28,21.5,8.5,18.7,760.7,2351,760.7,13.3,19.4,-3.3,3127,--,--,--,--,21.4,point,,,,,,,
5/20/22 18:28,21.5,8.5,18.7,760.7,2350,760.8,20.1,19.6,-3.3,3128,--,--,--,--,21.5,point,,,,,,,
5/20/22 18:28,21.5,8.5,18.7,760.9,2349,760.9,26.9,19.4,-3.3,3125,--,--,--,--,21.2,point,,,,,,,
5/20/22 18:28,21.4,8.5,18.7,760.9,2348,760.9,26.4,19.4,-3.3,3123,--,--,--,--,21.2,point,,,,,,,
5/20/22 18:28,21.5,8.5,18.7,760.9,2348,760.9,23.7,19.4,-3.3,3124,--,--,--,--,21.3,point,,,,,,,
5/20/22 18:28,21.5,8.5,18.7,760.9,2349,760.9,21.1,19.4,-3.3,3124,--,--,--,--,21.4,point,,,,,,,
5/20/22 18:28,21.4,8.4,18.7,760.7,2349,760.8,14.5,19.4,-3.3,3125,--,--,--,--,21.4,point,,,,,,,
5/20/22 18:28,21.4,8.4,18.7,760.7,2350,760.7,12.3,19.4,-3.3,3126,--,--,--,--,21.4,point,,,,,,,
5/20/22 18:28,21.4,8.4,18.7,760.7,2350,760.7,14.3,19.4,-3.3,3126,--,--,--,--,21.4,point,,,,,,,
5/20/22 18:28,21.5,8.5,18.7,760.7,2350,760.8,16,19.4,-3.3,3125,--,--,--,--,21.4,point,,,,,,,
5/20/22 18:28,21.5,8.6,18.8,760.9,2349,760.9,20.1,19.6,-3.2,3127,--,--,--,--,21.5,point,,,,,,,
5/20/22 18:28,21.6,8.6,18.7,760.9,2349,760.9,22.8,19.6,-3.2,3129,--,--,--,--,21.6,point,,,,,,,
5/20/22 18:28,21.6,8.6,18.7,760.9,2349,760.9,21.2,19.6,-3.2,3129,--,--,--,--,21.6,point,,,,,,,
5/20/22 18:28,21.6,8.6,18.7,760.9,2349,760.9,20.5,19.6,-3.2,3128,--,--,--,--,21.5,point,,,,,,,
5/20/22 18:28,21.6,8.5,18.7,760.9,2349,760.9,22.6,19.6,-3.3,3127,--,--,--,--,21.5,point,,,,,,,
5/20/22 18:28,21.6,8.5,18.6,760.9,2348,760.9,26.1,19.6,-3.3,3127,--,--,--,--,21.4,point,,,,,,,
5/20/22 18:28,21.6,10.7,29.3,761,2348,761,25.9,20.2,3,3139,--,--,--,--,21.4,point,,,,,,,
5/20/22 18:28,21.5,10.7,30.3,761,2348,761,26.5,20.1,3.3,3136,--,--,--,--,21.2,point,,,,,,,
5/20/22 18:28,21.3,8.6,19.4,760.9,2348,760.9,21.1,19.3,-2.9,3119,--,--,--,--,21.3,point,,,,,,,
5/20/22 18:28,21.3,7.1,12.4,760.9,2349,760.9,23.3,18.7,-8.8,3109,--,--,--,--,21.1,point,,,,,,,
5/20/22 18:28,21.2,6,7.9,761,2348,761,25.1,18.4,-14.4,3102,--,--,--,--,21,point,,,,,,,
5/20/22 18:28,21.3,5.4,5.1,760.9,2348,760.9,21.6,18.5,-19.7,3102,--,--,--,--,21.3,point,,,,,,,
5/20/22 18:28,21.4,5,3.2,760.9,2348,760.9,22.4,18.3,-24.8,3101,--,--,--,--,21.2,point,,,,,,,
5/20/22 18:28,21.3,4.7,2.1,761,2348,761,28.9,18.3,-29.6,3097,--,--,--,--,21,point,,,,,,,
5/20/22 18:28,21.2,4.4,1.3,761,2347,761,28.3,17.9,-34.4,3091,--,--,--,--,20.8,point,,,,,,,
5/20/22 18:28,21.1,4.3,0.8,761,2348,761,19.9,17.9,-38.9,3090,--,--,--,--,21.1,point,,,,,,,
5/20/22 18:28,21.2,4.3,0.5,760.9,2349,760.9,19.3,17.9,-43.2,3093,--,--,--,--,21.1,point,,,,,,,
5/20/22 18:28,21.2,4.3,0.3,760.9,2348,760.9,22,18,-47.3,3094,--,--,--,--,21.1,point,,,,,,,
5/20/22 18:28,21.3,4.3,0.2,760.9,2348,760.9,21.5,18.2,-50,3096,--,--,--,--,21.3,point,,,,,,,
5/20/22 18:28,21.4,4.3,0.1,760.9,2349,760.9,19,18.2,-50,3097,--,--,--,--,21.3,point,,,,,,,
5/20/22 18:29,21.4,4.3,0.1,760.9,2349,760.9,16.1,18.2,-50,3098,--,--,--,--,21.3,point,,,,,,,
5/20/22 18:29,21.4,4.3,0.1,760.7,2350,760.8,13.8,18.3,-50,3101,--,--,--,--,21.4,point,,,,,,,
5/20/22 18:29,21.5,4.4,0,760.7,2349,760.8,15.8,18.5,-50,3103,--,--,--,--,21.5,point,,,,,,,
5/20/22 18:29,21.5,4.4,0,760.7,2350,760.8,16,18.5,--,3104,--,--,--,--,21.5,point,,,,,,,
5/20/22 18:29,21.5,--,0,760.7,2350,760.8,15.3,18.5,--,3104,--,--,--,--,21.5,point,,,,,,,
5/20/22 18:29,21.5,--,0,760.7,2350,760.8,19.5,18.5,--,3104,--,--,--,--,21.5,point,,,,,,,
5/20/22 18:29,21.5,--,0,760.9,2349,760.9,23.3,18.5,--,3102,--,--,--,--,21.5,point,,,,,,,
5/20/22 18:29,21.5,--,0,760.7,2349,760.8,18.8,18.5,--,3103,--,--,--,--,21.5,point,,,,,,,
5/20/22 18:29,21.5,--,0,760.9,2348,760.9,25,18.5,--,3102,--,--,--,--,21.4,point,,,,,,,
5/20/22 18:29,21.5,--,0,761,2347,761,29.7,18.3,--,3100,--,--,--,--,21.1,point,,,,,,,
5/20/22 18:29,21.3,--,0,761,2347,761,26,18.2,--,3095,--,--,--,--,21.1,point,,,,,,,
5/20/22 18:29,21.3,--,0,760.9,2348,760.9,21.5,18.2,--,3095,--,--,--,--,21.3,point,,,,,,,
5/20/22 18:29,21.4,--,0,761,2348,761,21.1,18.2,--,3097,--,--,--,--,21.3,point,,,,,,,
5/20/22 18:29,21.4,--,0,760.9,2348,760.9,17.1,18.3,--,3101,--,--,--,--,21.4,point,,,,,,,
5/20/22 18:29,21.5,--,0,760.7,2349,760.8,14.8,18.5,--,3104,--,--,--,--,21.5,point,,,,,,,
5/20/22 18:29,21.6,--,0,760.7,2349,760.8,16.2,18.5,--,3105,--,--,--,--,21.5,point,,,,,,,
5/20/22 18:29,21.6,--,0,760.9,2348,760.9,16.1,18.5,--,3105,--,--,--,--,21.6,point,,,,,,,
5/20/22 18:29,21.6,--,0,760.7,2349,760.8,16.1,18.5,--,3108,--,--,--,--,21.6,point,,,,,,,
5/20/22 18:29,21.7,--,0,760.7,2349,760.8,14.5,18.5,--,3109,--,--,--,--,21.6,point,,,,,,,
5/20/22 18:29,21.7,--,0,760.9,2349,760.9,15.8,18.6,--,3109,--,--,--,--,21.7,point,,,,,,,
5/20/22 18:29,21.7,--,0,760.9,2349,760.9,13.8,18.6,--,3110,--,--,--,--,21.7,point,,,,,,,
5/20/22 18:29,21.7,--,0,760.7,2350,760.8,11.4,18.6,--,3111,--,--,--,--,21.7,point,,,,,,,
5/20/22 18:29,21.7,--,0,760.7,2350,760.8,11.3,18.5,--,3109,--,--,--,--,21.6,point,,,,,,,
5/20/22 18:29,21.6,--,0,760.7,2350,760.8,13.8,18.5,--,3108,--,--,--,--,21.6,point,,,,,,,
5/20/22 18:29,21.6,--,0,760.7,2350,760.8,14.2,18.5,--,3107,--,--,--,--,21.6,point,,,,,,,
5/20/22 18:29,21.6,--,0,760.7,2350,760.8,11.4,18.5,--,3106,--,--,--,--,21.5,point,,,,,,,
5/20/22 18:29,21.6,--,0,760.7,2350,760.7,9,18.5,--,3107,--,--,--,--,21.5,point,,,,,,,
5/20/22 18:29,21.6,--,0,760.7,2350,760.8,13.1,18.5,--,3105,--,--,--,--,21.5,point,,,,,,,
5/20/22 18:29,21.5,--,0,760.7,2350,760.7,12.9,18.5,--,3106,--,--,--,--,21.5,point,,,,,,,
5/20/22 18:29,21.5,--,0,760.7,2350,760.8,16.7,18.5,--,3103,--,--,--,--,21.5,point,,,,,,,
5/20/22 18:30,21.5,--,0,760.7,2350,760.8,17,18.3,--,3102,--,--,--,--,21.4,point,,,,,,,
5/20/22 18:30,21.4,--,0,760.7,2350,760.8,14.2,18.3,--,3101,--,--,--,--,21.4,point,,,,,,,
5/20/22 18:30,21.4,--,0,760.7,2350,760.8,15.8,18.3,--,3100,--,--,--,--,21.4,point,,,,,,,
5/20/22 18:30,21.4,--,0,760.7,2350,760.8,15.2,18.2,--,3099,--,--,--,--,21.3,point,,,,,,,
5/20/22 18:30,21.3,--,0,760.7,2350,760.8,14.8,18.2,--,3097,--,--,--,--,21.3,point,,,,,,,
5/20/22 18:30,21.3,--,0,760.7,2349,760.8,20.2,18,--,3097,--,--,--,--,21.2,point,,,,,,,
5/20/22 18:30,21.3,--,0,760.9,2349,760.9,24.1,18,--,3095,--,--,--,--,21,point,,,,,,,
5/20/22 18:30,21.3,--,0,760.9,2349,760.9,21.4,18,--,3094,--,--,--,--,21.1,point,,,,,,,
5/20/22 18:30,21.2,--,0,760.9,2349,760.9,19.9,18,--,3093,--,--,--,--,21.2,point,,,,,,,
5/20/22 18:30,21.2,--,0,760.9,2348,760.9,15.6,18,--,3093,--,--,--,--,21.2,point,,,,,,,
5/20/22 18:30,21.2,--,0,760.9,2349,760.9,16.7,18,--,3093,--,--,--,--,21.2,point,,,,,,,
5/20/22 18:30,21.3,--,0,760.7,2349,760.8,16.3,18,--,3096,--,--,--,--,21.2,point,,,,,,,
5/20/22 18:30,21.3,--,0,760.7,2350,760.8,14.2,18,--,3096,--,--,--,--,21.2,point,,,,,,,
5/20/22 18:30,21.3,--,0,760.7,2350,760.8,16.4,18,--,3096,--,--,--,--,21.2,point,,,,,,,
5/20/22 18:30,21.3,--,0,760.7,2350,760.8,17.7,18,--,3097,--,--,--,--,21.2,point,,,,,,,
5/20/22 18:30,21.3,--,0,760.7,2349,760.8,16.2,18.2,--,3098,--,--,--,--,21.3,point,,,,,,,
5/20/22 18:30,21.4,--,0,760.7,2350,760.8,13.1,18.3,--,3101,--,--,--,--,21.4,point,,,,,,,
5/20/22 18:30,21.5,--,0,760.7,2350,760.8,10.9,18.5,--,3104,--,--,--,--,21.5,point,,,,,,,
5/20/22 18:30,21.6,--,0,760.7,2350,760.7,11.3,18.5,--,3107,--,--,--,--,21.5,point,,,,,,,
5/20/22 18:30,21.6,--,0,760.7,2350,760.8,11.5,18.5,--,3106,--,--,--,--,21.5,point,,,,,,,
5/20/22 18:30,21.6,--,0,760.7,2350,760.8,11.5,18.5,--,3107,--,--,--,--,21.6,point,,,,,,,
5/20/22 18:30,21.6,--,0,760.7,2350,760.8,12.5,18.5,--,3108,--,--,--,--,21.6,point,,,,,,,
5/20/22 18:30,21.7,--,0,760.7,2350,760.8,12.3,18.6,--,3110,--,--,--,--,21.7,point,,,,,,,
5/20/22 18:30,21.7,--,0,760.7,2349,760.8,13.5,18.6,--,3111,--,--,--,--,21.7,point,,,,,,,
5/20/22 18:30,21.8,--,0,760.7,2349,760.8,14,18.7,--,3113,--,--,--,--,21.8,point,,,,,,,
5/20/22 18:30,21.9,--,0,760.7,2349,760.8,14.4,18.7,--,3114,--,--,--,--,21.8,point,,,,,,,
5/20/22 18:30,21.9,--,0,760.7,2349,760.9,16.3,18.7,--,3114,--,--,--,--,21.8,point,,,,,,,
5/20/22 18:30,21.9,--,0,760.7,2349,760.8,16.8,18.8,--,3117,--,--,--,--,21.9,point,,,,,,,
5/20/22 18:30,22,--,0,760.7,2349,760.8,15.5,18.8,--,3119,--,--,--,--,21.9,point,,,,,,,
5/20/22 18:30,22,--,0,760.7,2349,760.8,14.4,18.8,--,3119,--,--,--,--,21.9,point,,,,,,,
5/20/22 18:31,22,--,0,760.7,2350,760.8,12.2,18.8,--,3119,--,--,--,--,21.9,point,,,,,,,
5/20/22 18:31,21.9,--,0,760.7,2349,760.8,11,18.8,--,3117,--,--,--,--,21.9,point,,,,,,,
5/20/22 18:31,21.9,--,0,760.7,2350,760.8,11.5,18.7,--,3115,--,--,--,--,21.8,point,,,,,,,
5/20/22 18:31,21.9,--,0,760.7,2350,760.7,13.3,18.8,--,3119,--,--,--,--,21.9,point,,,,,,,
5/20/22 18:31,22,--,0,760.7,2350,760.8,11.8,18.9,--,3119,--,--,--,--,22,point,,,,,,,
5/20/22 18:31,22.1,--,0,760.7,2349,760.8,11.4,18.9,--,3122,--,--,--,--,22,point,,,,,,,
5/20/22 18:31,22.1,--,0,760.7,2350,760.8,12.8,19,--,3124,--,--,--,--,22.1,point,,,,,,,
5/20/22 18:31,22.1,--,0,760.7,2350,760.8,16.4,18.9,--,3122,--,--,--,--,22,point,,,,,,,
5/20/22 18:31,21.9,--,0,760.7,2349,760.8,19.3,18.8,--,3117,--,--,--,--,21.9,point,,,,,,,
5/20/22 18:31,21.8,--,0,760.7,2349,760.9,19,18.6,--,3112,--,--,--,--,21.7,point,,,,,,,
5/20/22 18:31,21.6,--,0,760.9,2349,760.9,21.5,18.5,--,3107,--,--,--,--,21.6,point,,,,,,,
5/20/22 18:31,21.6,--,0,760.9,2348,760.9,23,18.5,--,3104,--,--,--,--,21.5,point,,,,,,,
5/20/22 18:31,21.5,--,0,761,2348,761,20.5,18.5,--,3101,--,--,--,--,21.5,point,,,,,,,
5/20/22 18:31,21.5,--,0,760.9,2349,760.9,21.1,18.5,--,3102,--,--,--,--,21.5,point,,,,,,,
5/20/22 18:31,21.6,--,0,760.7,2349,760.8,17.4,18.5,--,3106,--,--,--,--,21.5,point,,,,,,,
5/20/22 18:31,21.7,--,0,760.7,2349,760.8,15.2,18.6,--,3111,--,--,--,--,21.7,point,,,,,,,
5/20/22 18:31,21.9,--,0,760.7,2349,760.8,16.9,18.7,--,3115,--,--,--,--,21.8,point,,,,,,,
5/20/22 18:31,21.8,--,0,760.9,2349,760.9,16.4,18.7,--,3112,--,--,--,--,21.8,point,,,,,,,
5/20/22 18:31,21.8,--,0,760.7,2349,760.8,14.8,18.6,--,3112,--,--,--,--,21.7,point,,,,,,,
5/20/22 18:31,21.7,--,0,760.7,2350,760.8,13.6,18.5,--,3109,--,--,--,--,21.6,point,,,,,,,
5/20/22 18:31,21.7,--,0,760.9,2349,760.9,15.5,18.5,--,3108,--,--,--,--,21.6,point,,,,,,,
5/20/22 18:31,21.7,--,0,760.7,2349,760.8,16.8,18.6,--,3112,--,--,--,--,21.7,point,,,,,,,
5/20/22 18:31,21.8,--,0,760.7,2349,760.8,14.2,18.7,--,3114,--,--,--,--,21.8,point,,,,,,,
5/20/22 18:31,21.9,--,0,760.7,2350,760.7,12.1,18.7,--,3117,--,--,--,--,21.8,point,,,,,,,
5/20/22 18:31,21.8,--,0,760.7,2349,760.8,11.9,18.7,--,3114,--,--,--,--,21.8,point,,,,,,,
5/20/22 18:31,21.8,--,0,760.7,2350,760.8,15,18.6,--,3112,--,--,--,--,21.7,point,,,,,,,
5/20/22 18:31,21.7,--,0,760.9,2349,760.9,20,18.6,--,3110,--,--,--,--,21.7,point,,,,,,,
5/20/22 18:31,21.7,--,0,760.9,2348,760.9,22.5,18.5,--,3108,--,--,--,--,21.6,point,,,,,,,
5/20/22 18:31,21.5,--,0,760.9,2348,760.9,23.2,18.5,--,3103,--,--,--,--,21.5,point,,,,,,,
5/20/22 18:31,21.5,--,0,760.9,2349,760.9,23,18.3,--,3101,--,--,--,--,21.3,point,,,,,,,
5/20/22 18:32,21.4,--,0,761,2348,761,25,18.2,--,3096,--,--,--,--,21.1,point,,,,,,,
5/20/22 18:32,21.4,--,0,760.9,2348,760.9,21.2,18.2,--,3098,--,--,--,--,21.3,point,,,,,,,
5/20/22 18:32,21.4,--,0,760.9,2349,760.9,21.8,18.2,--,3097,--,--,--,--,21.2,point,,,,,,,
5/20/22 18:32,21.3,--,0,761,2348,761,24.6,18.2,--,3095,--,--,--,--,21.1,point,,,,,,,
5/20/22 18:32,21.2,--,0,760.9,2348,760.9,21.7,18,--,3092,--,--,--,--,21.1,point,,,,,,,
5/20/22 18:32,21.1,--,0,760.9,2349,760.9,13.5,17.9,--,3090,--,--,--,--,21.1,point,,,,,,,
5/20/22 18:32,21.1,--,0,760.7,2350,760.7,11.2,17.9,--,3092,--,--,--,--,21.1,point,,,,,,,
5/20/22 18:32,21.1,--,0,760.7,2350,760.8,14.8,17.9,--,3091,--,--,--,--,21.1,point,,,,,,,
5/20/22 18:32,21.2,--,0,760.7,2350,760.8,17.3,18,--,3093,--,--,--,--,21.2,point,,,,,,,
5/20/22 18:32,21.2,--,0,760.7,2349,760.8,19.7,18,--,3095,--,--,--,--,21.2,point,,,,,,,
5/20/22 18:32,21.2,--,0,760.9,2349,760.9,17.3,18,--,3094,--,--,--,--,21.2,point,,,,,,,
5/20/22 18:32,21.3,--,0,760.7,2349,760.9,20.8,18.2,--,3096,--,--,--,--,21.3,point,,,,,,,
5/20/22 18:32,21.3,--,0,760.7,2349,760.8,21.7,18,--,3095,--,--,--,--,21.1,point,,,,,,,
5/20/22 18:32,21.2,--,0,760.7,2350,760.8,16.2,18,--,3094,--,--,--,--,21.2,point,,,,,,,
5/20/22 18:32,21.2,--,0,760.9,2349,760.9,21.8,18,--,3092,--,--,--,--,21.1,point,,,,,,,
5/20/22 18:32,21.1,--,0,760.9,2349,760.9,23.8,17.9,--,3090,--,--,--,--,20.9,point,,,,,,,
5/20/22 18:32,21.1,--,0,760.7,2349,760.8,22.5,17.9,--,3091,--,--,--,--,21,point,,,,,,,
5/20/22 18:32,21.2,--,0,760.9,2349,760.9,21,17.9,--,3091,--,--,--,--,21,point,,,,,,,
5/20/22 18:32,21.3,--,0,760.9,2349,760.9,18.1,18,--,3094,--,--,--,--,21.2,point,,,,,,,
5/20/22 18:32,21.3,--,0,760.9,2349,760.9,16.8,18.2,--,3097,--,--,--,--,21.3,point,,,,,,,
5/20/22 18:32,21.4,--,0,760.7,2350,760.8,15.3,18.3,--,3101,--,--,--,--,21.4,point,,,,,,,
5/20/22 18:32,21.5,--,0,760.7,2350,760.8,15.6,18.5,--,3103,--,--,--,--,21.5,point,,,,,,,
5/20/22 18:32,21.6,--,0,760.9,2349,760.9,20.7,18.5,--,3104,--,--,--,--,21.5,point,,,,,,,
5/20/22 18:32,21.5,--,0,761,2347,761,29.9,18.5,--,3102,--,--,--,--,21.3,point,,,,,,,
5/20/22 18:32,21.4,--,0,761,2347,761,32.1,18.2,--,3096,--,--,--,--,20.9,point,,,,,,,
5/20/22 18:32,21.2,--,0,760.9,2348,760.9,20.5,18,--,3092,--,--,--,--,21.2,point,,,,,,,
5/20/22 18:32,21.2,--,0,760.7,2349,760.9,18.1,17.9,--,3091,--,--,--,--,21.1,point,,,,,,,
5/20/22 18:32,21.2,--,0,760.7,2349,760.8,20.5,17.9,--,3093,--,--,--,--,21,point,,,,,,,
5/20/22 18:32,21.2,--,0,760.9,2349,760.9,22.9,18,--,3092,--,--,--,--,21.1,point,,,,,,,
5/20/22 18:32,21.2,--,0,760.9,2348,760.9,21.5,18,--,3092,--,--,--,--,21.1,point,,,,,,,
5/20/22 18:33,21.2,--,0,760.7,2349,760.8,19.3,17.9,--,3093,--,--,--,--,21.1,point,,,,,,,
5/20/22 18:33,21.2,--,0,760.7,2350,760.8,22.3,17.9,--,3093,--,--,--,--,21,point,,,,,,,
5/20/22 18:33,21.2,--,0,760.7,2350,760.8,22.8,18,--,3094,--,--,--,--,21.1,point,,,,,,,
5/20/22 18:33,21.3,--,0,760.7,2349,760.8,21,18.2,--,3097,--,--,--,--,21.3,point,,,,,,,
5/20/22 18:33,21.3,--,0,760.9,2349,760.9,23.1,18,--,3094,--,--,--,--,21.1,point,,,,,,,
5/20/22 18:33,21.2,--,0,760.9,2349,760.9,24.9,17.9,--,3091,--,--,--,--,20.9,point,,,,,,,
5/20/22 18:33,21.1,--,0,760.9,2348,760.9,26.7,17.9,--,3089,--,--,--,--,20.8,point,,,,,,,
5/20/22 18:33,21.1,--,0,760.9,2349,760.9,23.9,17.7,--,3088,--,--,--,--,20.8,point,,,,,,,
5/20/22 18:33,21.1,--,0,760.9,2349,760.9,21.5,17.9,--,3089,--,--,--,--,21,point,,,,,,,
5/20/22 18:33,21.1,--,0,760.7,2349,760.8,17.5,17.9,--,3091,--,--,--,--,21.1,point,,,,,,,
5/20/22 18:33,21.2,--,0,760.7,2349,760.8,19.3,18,--,3094,--,--,--,--,21.2,point,,,,,,,
5/20/22 18:33,21.3,--,0,760.9,2349,760.9,26.6,18,--,3094,--,--,--,--,21,point,,,,,,,
5/20/22 18:33,21.2,--,0,761,2348,761,28.1,18,--,3092,--,--,--,--,20.9,point,,,,,,,
5/20/22 18:33,21.2,--,0,761,2348,761,25.2,18,--,3091,--,--,--,--,21,point,,,,,,,
5/20/22 18:33,21.2,--,0,761,2348,761,22.4,17.9,--,3090,--,--,--,--,21,point,,,,,,,
5/20/22 18:33,21.2,--,0,760.9,2349,760.9,20.6,18,--,3092,--,--,--,--,21.2,point,,,,,,,
5/20/22 18:33,21.2,--,0,760.9,2348,760.9,30.2,17.9,--,3092,--,--,--,--,20.7,point,,,,,,,
5/20/22 18:33,21.1,--,0,761,2347,761,35.3,17.9,--,3090,--,--,--,--,20.6,point,,,,,,,
5/20/22 18:33,21.1,--,0,761,2347,761,26.7,17.9,--,3089,--,--,--,--,20.8,point,,,,,,,
5/20/22 18:33,21.2,--,0,760.9,2348,760.9,24.5,17.9,--,3090,--,--,--,--,20.9,point,,,,,,,
5/20/22 18:33,21.2,--,0,761,2347,761,30.9,17.9,--,3090,--,--,--,--,20.7,point,,,,,,,
5/20/22 18:33,21.2,--,0,761,2348,761,27.7,18,--,3091,--,--,--,--,20.9,point,,,,,,,
5/20/22 18:33,21.2,--,0,760.9,2348,760.9,27.3,18,--,3092,--,--,--,--,20.9,point,,,,,,,
5/20/22 18:33,21.2,--,0,760.9,2348,760.9,23.7,18,--,3093,--,--,--,--,21.1,point,,,,,,,
5/20/22 18:33,21.2,--,0,760.9,2348,760.9,17.7,18,--,3093,--,--,--,--,21.2,point,,,,,,,
5/20/22 18:33,21.3,--,0,760.7,2349,760.8,13.9,18,--,3095,--,--,--,--,21.2,point,,,,,,,
5/20/22 18:33,21.2,--,0,760.9,2349,760.9,23.4,18,--,3092,--,--,--,--,21.1,point,,,,,,,
5/20/22 18:33,21.2,--,0,760.9,2348,760.9,25.9,17.9,--,3091,--,--,--,--,20.8,point,,,,,,,
5/20/22 18:33,21.1,--,0,761,2348,761,29.4,17.9,--,3089,--,--,--,--,20.7,point,,,,,,,
5/20/22 18:33,21.1,--,0,761,2347,761.1,32.9,17.7,--,3085,--,--,--,--,20.5,point,,,,,,,
5/20/22 18:34,21,--,0,761,2346,761.1,30.5,17.6,--,3082,--,--,--,--,20.4,point,,,,,,,
5/20/22 18:34,21,--,0,761,2347,761,29.2,17.7,--,3085,--,--,--,--,20.6,point,,,,,,,
5/20/22 18:34,21,--,0,761,2347,761.1,33.6,17.7,--,3084,--,--,--,--,20.5,point,,,,,,,
5/20/22 18:34,21.1,--,0,761,2347,761.1,29.2,17.7,--,3085,--,--,--,--,20.6,point,,,,,,,
5/20/22 18:34,21.1,--,0,761,2348,761,22.9,17.7,--,3087,--,--,--,--,20.8,point,,,,,,,
5/20/22 18:34,21.1,--,0,760.9,2349,760.9,20.2,17.7,--,3088,--,--,--,--,20.9,point,,,,,,,
5/20/22 18:34,21,--,0,760.7,2349,760.8,18.1,17.7,--,3088,--,--,--,--,21,point,,,,,,,
5/20/22 18:34,21.1,--,0,760.9,2349,760.9,22.2,17.7,--,3088,--,--,--,--,20.8,point,,,,,,,
5/20/22 18:34,21.1,--,0,760.9,2349,760.9,22.6,17.7,--,3088,--,--,--,--,20.8,point,,,,,,,
5/20/22 18:34,21.1,--,0,760.7,2349,760.9,21.2,17.7,--,3088,--,--,--,--,20.9,point,,,,,,,
5/20/22 18:34,21.1,--,0,760.7,2349,760.8,22,17.7,--,3090,--,--,--,--,20.8,point,,,,,,,
5/20/22 18:34,21.1,--,0,760.9,2349,760.9,20.5,17.7,--,3088,--,--,--,--,20.9,point,,,,,,,
5/20/22 18:34,21.1,--,0,760.7,2349,760.8,19.7,17.9,--,3090,--,--,--,--,21.1,point,,,,,,,
5/20/22 18:34,21.1,--,0,760.9,2349,760.9,25.2,17.9,--,3090,--,--,--,--,20.9,point,,,,,,,
5/20/22 18:34,21.1,--,0,761,2347,761,31.9,17.9,--,3089,--,--,--,--,20.7,point,,,,,,,
5/20/22 18:34,21.1,--,0,761,2347,761,30.1,17.7,--,3088,--,--,--,--,20.6,point,,,,,,,
5/20/22 18:34,21.1,--,0,760.9,2349,760.9,23.3,17.9,--,3090,--,--,--,--,20.9,point,,,,,,,
5/20/22 18:34,21.1,--,0,761,2348,761,27.6,17.9,--,3088,--,--,--,--,20.8,point,,,,,,,
5/20/22 18:34,21.1,--,0,761,2347,761,31.1,17.9,--,3088,--,--,--,--,20.7,point,,,,,,,
5/20/22 18:34,21.1,--,0,761,2347,761,29.8,17.9,--,3088,--,--,--,--,20.7,point,,,,,,,
5/20/22 18:34,21.1,--,0,761,2348,761,28.6,17.9,--,3088,--,--,--,--,20.7,point,,,,,,,
5/20/22 18:34,21.1,--,0,761,2347,761,31.7,17.7,--,3087,--,--,--,--,20.5,point,,,,,,,
5/20/22 18:34,21.1,--,0,761,2348,761,27.5,17.7,--,3087,--,--,--,--,20.7,point,,,,,,,
5/20/22 18:34,21.1,--,0,761,2347,761,30,17.9,--,3089,--,--,--,--,20.7,point,,,,,,,
5/20/22 18:34,21.1,--,0,760.9,2348,760.9,28.5,17.9,--,3090,--,--,--,--,20.7,point,,,,,,,
5/20/22 18:34,21.2,--,0,760.9,2348,760.9,24.6,17.9,--,3091,--,--,--,--,20.9,point,,,,,,,
5/20/22 18:34,21.2,--,0,760.9,2349,760.9,23.9,18,--,3092,--,--,--,--,21,point,,,,,,,
5/20/22 18:34,21.2,--,0,760.9,2348,760.9,24.4,18,--,3092,--,--,--,--,21,point,,,,,,,
5/20/22 18:34,21.2,--,0,760.7,2349,760.8,21.3,17.9,--,3092,--,--,--,--,21,point,,,,,,,
5/20/22 18:34,21.1,--,0,760.9,2348,760.9,22.9,17.9,--,3090,--,--,--,--,20.9,point,,,,,,,