Device Name,WEATHER - 2636849,,,,,,,,,,,,,,,,,,,,,,
Device Model,5500L,,,,,,,,,,,,,,,,,,,,,,
Serial Number,2636849,,,,,,,,,,,,,,,,,,,,,,
FORMATTED DATE_TIME,Temperature,Wet Bulb Temp,Relative Humidity,Barometric Pressure,Altitude,Station Pressure,Wind Speed,Heat Index,Dew Point,Density Altitude,Crosswind,Headwind,Compass Magnetic Direction,Compass True Direction,Wind Chill,,,,,,,,
yyyy-MM-dd hh:mm:ss a,°C,°C,%,mb,m,mb,km/h,°C,°C,m,km/h,km/h,Deg,Deg,°C,Data Type,Record name,Start time,Duration (H:M:S),Location description,Location address,Location coordinates,Notes
5/20/22 18:11,21.4,8.3,18,761,2348,761,0,19.3,-3.9,3119,0,0,180,180,21.4,point,,,,,,,
5/20/22 18:11,21.4,8.3,18,761,2348,761,7.2,19.3,-3.8,3119,0.1,-7.2,183,183,21.4,point,,,,,,,
5/20/22 18:11,21.5,8.4,18.1,761,2347,761,12.2,19.3,-3.8,3121,0.2,-12.2,181,181,21.4,point,,,,,,,
5/20/22 18:11,21.3,8.4,18.2,761,2347,761.1,13.7,19.2,-3.8,3116,0.5,-13.6,181,182,21.3,point,,,,,,,
5/20/22 18:11,21.3,8.4,18.2,761,2347,761.1,11.8,19.2,-3.8,3116,0,-11.8,180,180,21.3,point,,,,,,,
5/20/22 18:11,21.4,8.4,18.1,761,2347,761.1,12.2,19.3,-3.8,3118,0.2,-12.2,179,179,21.4,point,,,,,,,
5/20/22 18:11,21.4,8.4,18.1,761,2347,761,12.2,19.3,-3.8,3121,0,-12.2,179,180,21.4,point,,,,,,,
5/20/22 18:11,21.4,8.3,18.1,761,2346,761.1,21.8,19.2,-3.8,3117,0.4,-21.8,178,179,21.2,point,,,,,,,
5/20/22 18:11,21.2,8.2,18.1,761,2346,761.1,22.6,18.9,-4,3111,0.8,-22.6,178,178,21,point,,,,,,,
5/20/22 18:11,21.1,8.2,18,761,2347,761.1,18.3,18.7,-4.1,3107,0.6,-18.3,178,178,21,point,,,,,,,
5/20/22 18:11,21.1,8.1,18,761,2346,761.1,16.6,18.7,-4.2,3107,0.3,-16.6,178,179,21,point,,,,,,,
5/20/22 18:11,21.1,8.1,18,761,2346,761.1,17.4,18.7,-4.2,3107,0,-17.4,179,180,21,point,,,,,,,
5/20/22 18:11,21,8.1,18,761,2347,761.1,16.4,18.7,-4.2,3106,0.6,-16.4,181,182,21,point,,,,,,,
5/20/22 18:11,21,8.1,18,761,2347,761.1,18.8,18.7,-4.2,3105,0.3,-18.8,179,179,21,point,,,,,,,
5/20/22 18:11,21,8.1,18,761,2347,761.1,19.6,18.6,-4.2,3104,0.3,-19.6,180,181,20.8,point,,,,,,,
5/20/22 18:11,21,8.1,18,761,2347,761.1,17.3,18.6,-4.2,3103,0.6,-17.3,182,182,20.9,point,,,,,,,
5/20/22 18:11,21,8.1,18,761,2347,761.1,16.3,18.6,-4.2,3104,0.3,-16.3,180,181,20.9,point,,,,,,,
5/20/22 18:11,21,8.1,18,761,2347,761,12.8,18.6,-4.2,3105,0,-12.8,179,180,20.9,point,,,,,,,
5/20/22 18:11,21,8.1,18,761,2347,761,13,18.7,-4.2,3106,0,-13,179,180,21,point,,,,,,,
5/20/22 18:11,21.1,8.2,18.1,761,2347,761.1,17.8,18.7,-4.1,3108,0.3,-17.8,179,179,21,point,,,,,,,
5/20/22 18:11,21.1,8.2,18.1,761,2347,761.1,15.1,18.9,-4.1,3108,0.3,-15.1,179,179,21.1,point,,,,,,,
5/20/22 18:11,21,8.1,18.1,761,2347,761.1,16.7,18.7,-4.1,3106,0.3,-16.7,180,181,21,point,,,,,,,
5/20/22 18:11,21,8.1,18.1,761,2347,761,14.6,18.6,-4.2,3105,0.3,-14.6,180,181,20.9,point,,,,,,,
5/20/22 18:11,20.9,8.1,18.1,761,2347,761,15.5,18.6,-4.2,3104,0.3,-15.5,178,179,20.9,point,,,,,,,
5/20/22 18:11,21,8.1,18.1,761,2348,761,14.2,18.7,-4.1,3107,0.5,-14.2,177,178,21,point,,,,,,,
5/20/22 18:11,21.1,8.2,18.1,761,2348,761,10.9,18.9,-4,3111,0.4,-10.9,178,178,21.1,point,,,,,,,
5/20/22 18:11,21.2,8.2,18.1,761,2348,761,12.8,19,-3.9,3114,0.2,-12.8,179,179,21.2,point,,,,,,,
5/20/22 18:11,21.2,8.2,18.1,761,2347,761,17.8,19,-3.9,3114,0.3,-17.8,179,179,21.2,point,,,,,,,
5/20/22 18:11,21.2,8.2,18.1,761,2347,761.1,17.8,19,-4,3112,0,-17.8,180,180,21.2,point,,,,,,,
5/20/22 18:11,21.2,8.2,18.1,761,2347,761.1,16.2,18.9,-4,3111,0.3,-16.2,179,179,21.1,point,,,,,,,
5/20/22 18:12,21.1,8.2,18.1,761,2347,761.1,15.6,18.9,-4.1,3109,0.5,-15.6,178,178,21.1,point,,,,,,,
5/20/22 18:12,21.1,8.2,18.1,761,2347,761.1,13.9,18.7,-4.1,3108,0.2,-13.9,179,179,21,point,,,,,,,
5/20/22 18:12,21.1,8.2,18.1,761,2347,761,12.1,18.7,-4.1,3109,0.2,-12,178,179,21,point,,,,,,,
5/20/22 18:12,21.1,8.2,18.1,761,2347,761.1,17.3,18.9,-4.1,3109,1.2,-17.2,176,176,21.1,point,,,,,,,
5/20/22 18:12,21,8.1,18.1,761,2346,761.1,23.2,18.7,-4.1,3106,0.4,-23.2,178,179,20.8,point,,,,,,,
5/20/22 18:12,20.9,8.1,18.1,761.2,2346,761.2,23.2,18.6,-4.2,3101,0,-23.2,180,180,20.7,point,,,,,,,
5/20/22 18:12,20.9,8,18.1,761.2,2346,761.2,21.8,18.4,-4.2,3099,0,-21.8,179,180,20.6,point,,,,,,,
5/20/22 18:12,20.8,8,18.1,761.2,2346,761.2,22.5,18.4,-4.3,3097,1.2,-22.4,182,183,20.6,point,,,,,,,
5/20/22 18:12,20.8,8,18.1,761,2346,761.1,14.7,18.4,-4.3,3099,0.8,-14.7,182,183,20.8,point,,,,,,,
5/20/22 18:12,20.8,8,18.1,761,2346,761.1,14.1,18.4,-4.3,3099,0.2,-14.1,179,179,20.8,point,,,,,,,
5/20/22 18:12,20.9,8,18.1,761,2346,761.1,17.9,18.4,-4.3,3100,0,-17.9,180,180,20.8,point,,,,,,,
5/20/22 18:12,20.8,8,18.1,761,2347,761.1,13.9,18.3,-4.3,3097,0.2,-13.9,179,179,20.7,point,,,,,,,
5/20/22 18:12,20.7,7.8,18.1,761,2347,761,16.3,18.3,-4.3,3097,0.3,-16.3,179,179,20.7,point,,,,,,,
5/20/22 18:12,20.7,7.8,18.1,761,2347,761.1,17.6,18.3,-4.3,3095,0.3,-17.6,181,181,20.7,point,,,,,,,
5/20/22 18:12,20.7,7.8,18.1,761,2347,761.1,15.6,18.2,-4.4,3094,0.5,-15.6,177,178,20.6,point,,,,,,,
5/20/22 18:12,20.7,7.8,18.1,761.5,2342,761.6,14.2,18.2,-4.4,3087,0.2,-14.2,179,179,20.6,point,,,,,,,
5/20/22 18:12,20.7,8,18.2,761,2347,761.1,11.4,18.2,-4.3,3094,0,-11.4,180,180,20.6,point,,,,,,,
5/20/22 18:12,20.7,8,18.3,761,2347,761.1,11.5,18.3,-4.2,3095,0.6,-11.5,182,183,20.7,point,,,,,,,
5/20/22 18:12,20.7,8,18.4,761,2347,761,11.4,18.3,-4.2,3097,0,-11.4,180,180,20.7,point,,,,,,,
5/20/22 18:12,20.8,8.1,18.4,761,2348,761,13.3,18.4,-4.1,3099,0.2,-13.3,180,181,20.7,point,,,,,,,
5/20/22 18:12,20.9,8.1,18.4,761,2347,761,13,18.5,-4,3101,0.2,-13,178,179,20.8,point,,,,,,,
5/20/22 18:12,21,8.1,18.4,761,2348,761,13.9,18.7,-3.9,3105,0.7,-13.9,176,177,20.9,point,,,,,,,
5/20/22 18:12,21,8.1,18.4,761,2347,761.1,15.5,18.6,-4,3103,0.3,-15.5,178,179,20.9,point,,,,,,,
5/20/22 18:12,21,8.1,18.4,761,2347,761,15.8,18.6,-4,3104,0,-15.8,180,180,20.9,point,,,,,,,
5/20/22 18:12,20.9,8.1,18.4,761,2347,761,14.3,18.4,-4,3102,0,-14.3,179,180,20.8,point,,,,,,,
5/20/22 18:12,20.9,8.1,18.4,761,2347,761.1,16.4,18.4,-4,3101,0.6,-16.4,178,178,20.8,point,,,,,,,
5/20/22 18:12,20.9,8.1,18.4,761,2347,761.1,19.1,18.4,-4,3101,0.7,-19.1,178,178,20.7,point,,,,,,,
5/20/22 18:12,20.8,8,18.3,761,2347,761.1,17.9,18.3,-4.2,3096,0,-17.9,179,180,20.6,point,,,,,,,
5/20/22 18:12,20.7,8,18.3,761,2348,761,16.3,18.3,-4.2,3097,0.3,-16.3,181,181,20.7,point,,,,,,,
5/20/22 18:12,20.7,8,18.3,761,2347,761.1,18.4,18.3,-4.2,3095,0,-18.4,180,180,20.6,point,,,,,,,
5/20/22 18:13,20.7,8,18.3,761,2347,761.1,18.9,18.2,-4.3,3093,0.7,-18.9,181,182,20.5,point,,,,,,,
5/20/22 18:13,20.7,8,18.3,761,2346,761.1,18.9,18.2,-4.2,3094,0.3,-18.9,179,179,20.5,point,,,,,,,
5/20/22 18:13,20.7,8,18.3,761,2347,761.1,19.3,18.3,-4.2,3095,0.7,-19.3,177,178,20.6,point,,,,,,,
5/20/22 18:13,20.8,8,18.3,761,2347,761.1,18.5,18.3,-4.2,3096,0,-18.5,180,180,20.6,point,,,,,,,
5/20/22 18:13,20.8,8.1,18.3,761,2347,761.1,16.9,18.4,-4.1,3099,0.3,-16.9,178,179,20.8,point,,,,,,,
5/20/22 18:13,20.9,8.1,18.3,761,2347,761,16.7,18.4,-4.1,3101,0.3,-16.7,179,179,20.8,point,,,,,,,
5/20/22 18:13,20.9,8.1,18.3,761,2347,761.1,16.7,18.6,-4,3102,0.3,-16.7,179,179,20.9,point,,,,,,,
5/20/22 18:13,20.9,8.1,18.3,761,2347,761,13.7,18.6,-4.1,3102,0,-13.7,179,180,20.9,point,,,,,,,
5/20/22 18:13,21,8.1,18.3,761,2347,761,15.1,18.6,-4,3105,0.5,-15.1,178,178,20.9,point,,,,,,,
5/20/22 18:13,21,8.1,18.3,761,2347,761,17.7,18.6,-4,3105,0.9,-17.7,176,177,20.9,point,,,,,,,
5/20/22 18:13,21.1,8.2,18.3,761,2348,761,16.5,18.7,-3.9,3109,0.9,-16.5,177,177,21,point,,,,,,,
5/20/22 18:13,21.1,8.2,18.3,761,2347,761,15.2,18.9,-3.9,3110,0.8,-15.2,177,177,21.1,point,,,,,,,
5/20/22 18:13,21.1,8.2,18.3,761,2347,761,13.7,18.9,-3.9,3111,0.7,-13.6,177,177,21.1,point,,,,,,,
5/20/22 18:13,21.2,8.2,18.3,761,2348,761,14.5,18.9,-3.9,3112,0.8,-14.4,177,177,21.1,point,,,,,,,
5/20/22 18:13,21.1,8.2,18.2,761,2348,761,14.2,18.7,-4,3109,0.2,-14.2,178,179,21,point,,,,,,,
5/20/22 18:13,21,8.1,18.2,761,2348,761,16.8,18.6,-4,3105,0.3,-16.8,179,179,20.9,point,,,,,,,
5/20/22 18:13,20.9,8.1,18.2,761,2347,761,17.6,18.4,-4.1,3102,0.6,-17.6,181,182,20.8,point,,,,,,,
5/20/22 18:13,20.8,8,18.2,761,2347,761,15.7,18.4,-4.2,3100,0,-15.7,180,180,20.8,point,,,,,,,
5/20/22 18:13,20.7,8,18.2,761,2346,761.1,19.7,18.3,-4.2,3096,0.7,-19.7,178,178,20.6,point,,,,,,,
5/20/22 18:13,20.7,8,18.2,761,2347,761.1,16.8,18.3,-4.3,3095,0.3,-16.8,179,179,20.7,point,,,,,,,
5/20/22 18:13,20.8,8,18.2,761,2347,761.1,18.1,18.3,-4.2,3097,0,-18.1,179,180,20.6,point,,,,,,,
5/20/22 18:13,20.8,8,18.3,761,2347,761,16.1,18.4,-4.2,3099,0.3,-16.1,180,181,20.8,point,,,,,,,
5/20/22 18:13,20.8,8,18.3,761,2347,761,16.3,18.4,-4.2,3099,0.6,-16.3,178,178,20.8,point,,,,,,,
5/20/22 18:13,20.8,8,18.3,761,2348,761,15.8,18.3,-4.2,3099,0,-15.8,179,180,20.7,point,,,,,,,
5/20/22 18:13,20.8,8,18.3,761,2347,761.1,16.8,18.4,-4.2,3099,0.6,-16.8,178,178,20.8,point,,,,,,,
5/20/22 18:13,20.8,8,18.3,761,2348,761,16.6,18.4,-4.2,3100,0,-16.5,179,180,20.8,point,,,,,,,
5/20/22 18:13,20.9,8.1,18.3,761,2347,761,16.1,18.4,-4.1,3101,0.3,-16.1,179,179,20.8,point,,,,,,,
5/20/22 18:13,20.9,8.1,18.3,761,2347,761,15.2,18.4,-4.1,3102,0.3,-15.2,180,181,20.8,point,,,,,,,
5/20/22 18:13,20.9,8.1,18.3,761,2348,761,12.5,18.6,-4.1,3102,0.2,-12.5,181,181,20.9,point,,,,,,,
5/20/22 18:13,20.9,8.1,18.3,761,2348,761,13.2,18.6,-4.1,3102,0,-13.2,180,180,20.9,point,,,,,,,
5/20/22 18:14,20.9,8.1,18.3,761,2347,761,9.7,18.6,-4,3104,0.2,-9.7,180,181,20.9,point,,,,,,,
5/20/22 18:14,21,8.1,18.3,761,2348,761,9.5,18.6,-4,3105,0,-9.5,179,180,20.9,point,,,,,,,
5/20/22 18:14,21,8.1,18.3,761,2347,761,12.1,18.7,-4,3107,0.4,-12.1,178,178,21,point,,,,,,,
5/20/22 18:14,21,8.1,18.3,761,2348,761,11.3,18.7,-4,3106,1,-11.3,175,175,21,point,,,,,,,
5/20/22 18:14,21,8.1,18.3,761,2348,761,14.3,18.6,-4,3105,0.2,-14.3,180,181,20.9,point,,,,,,,
5/20/22 18:14,21,8.1,18.3,761,2348,761,15.8,18.7,-4,3106,0,-15.8,180,180,21,point,,,,,,,
5/20/22 18:14,21,8.1,18.2,761,2348,761,12.8,18.6,-4,3105,0.2,-12.8,180,181,20.9,point,,,,,,,
5/20/22 18:14,20.9,8.1,18.2,761,2347,761,12.4,18.6,-4.1,3104,0.2,-12.4,180,181,20.9,point,,,,,,,
5/20/22 18:14,21,8.1,18.2,761,2348,761,12,18.6,-4.1,3105,0.2,-12,180,181,20.9,point,,,,,,,
5/20/22 18:14,21,8.1,18.2,760.9,2348,760.9,7.6,18.7,-4,3108,0.5,-7.6,184,184,21,point,,,,,,,
5/20/22 18:14,21.1,8.2,18.2,760.9,2348,760.9,5.6,18.7,-4,3110,0.2,-5.6,182,182,21,point,,,,,,,
5/20/22 18:14,21.1,8.2,18.2,760.9,2348,760.9,4.5,18.7,-4,3110,0.2,-4.5,181,182,21,point,,,,,,,
5/20/22 18:14,21.1,8.2,18.3,760.9,2348,760.9,5.2,18.7,-4,3110,0.2,-5.2,181,181,21,point,,,,,,,
5/20/22 18:14,21,8.1,18.3,760.9,2348,760.9,4.5,18.7,-4,3109,0.1,-4.5,178,179,21,point,,,,,,,
5/20/22 18:14,21,8.1,18.3,760.9,2349,760.9,2,18.7,-4,3108,0.4,-1.9,163,164,21,point,,,,,,,
5/20/22 18:14,21,8.1,18.3,760.7,2349,760.8,1.3,18.7,-4,3110,0.3,-1.2,163,163,21,point,,,,,,,
5/20/22 18:14,21.1,8.2,18.3,760.9,2348,760.9,2.7,18.7,-4,3109,0.1,-2.7,180,180,21,point,,,,,,,
5/20/22 18:14,21,8.1,18.3,760.9,2348,760.9,12.6,18.7,-4,3109,0.2,-12.6,178,179,21,point,,,,,,,
5/20/22 18:14,21,8.1,18.3,761,2348,761,15,18.7,-4,3106,0.3,-15,180,181,21,point,,,,,,,
5/20/22 18:14,20.9,8.1,18.2,760.9,2348,760.9,13,18.6,-4.1,3105,0.2,-13,179,179,20.9,point,,,,,,,
5/20/22 18:14,20.9,8,18.2,760.9,2348,760.9,13.7,18.4,-4.2,3103,0.2,-13.7,178,179,20.8,point,,,,,,,
5/20/22 18:14,20.9,8,18.2,760.9,2348,760.9,8.9,18.4,-4.2,3102,0.2,-8.9,180,181,20.8,point,,,,,,,
5/20/22 18:14,20.9,8,18.2,760.9,2348,760.9,5.2,18.4,-4.2,3102,0.2,-5.2,177,178,20.8,point,,,,,,,
5/20/22 18:14,20.9,8,18.2,761,2348,761,5.7,18.4,-4.2,3101,0.6,-5.7,173,174,20.8,point,,,,,,,
5/20/22 18:14,20.9,8,18.2,760.9,2348,760.9,7.7,18.4,-4.2,3103,0.1,-7.7,178,179,20.8,point,,,,,,,
5/20/22 18:14,20.9,8,18.2,761,2348,761,11.7,18.4,-4.2,3101,0.6,-11.6,177,177,20.8,point,,,,,,,
5/20/22 18:14,20.9,8,18.2,761,2348,761,10.2,18.4,-4.2,3101,0.4,-10.2,178,178,20.8,point,,,,,,,
5/20/22 18:14,20.9,8,18.2,761,2348,761,13.5,18.4,-4.2,3101,0.2,-13.5,181,181,20.8,point,,,,,,,
5/20/22 18:14,20.8,8,18.2,761,2348,761,13.7,18.3,-4.2,3099,0.5,-13.7,178,178,20.7,point,,,,,,,
5/20/22 18:14,20.7,8,18.2,760.9,2348,760.9,14.4,18.3,-4.3,3098,0.5,-14.4,178,178,20.7,point,,,,,,,
5/20/22 18:15,20.7,8,18.2,760.9,2348,760.9,14,18.3,-4.3,3097,0,-14,179,180,20.7,point,,,,,,,
5/20/22 18:15,20.6,7.8,18.2,760.9,2348,760.9,14.8,18.2,-4.3,3094,0.3,-14.8,179,179,20.6,point,,,,,,,
5/20/22 18:15,20.6,7.8,18.2,761,2348,761,17.7,18,-4.4,3091,0,-17.7,180,180,20.4,point,,,,,,,
5/20/22 18:15,20.5,7.8,18.2,761,2348,761,15.2,18,-4.4,3089,0,-15.2,179,180,20.5,point,,,,,,,
5/20/22 18:15,20.5,7.8,18.2,760.9,2348,760.9,11.3,18,-4.4,3090,0.2,-11.3,179,179,20.5,point,,,,,,,
5/20/22 18:15,20.5,7.8,18.3,760.9,2349,760.9,9.8,18,-4.4,3090,0.2,-9.8,179,179,20.5,point,,,,,,,
5/20/22 18:15,20.5,7.8,18.3,761,2348,761,12.3,18,-4.4,3090,0,-12.3,179,180,20.5,point,,,,,,,
5/20/22 18:15,20.5,7.8,18.3,761,2348,761,12.2,18,-4.3,3090,0.2,-12.2,178,179,20.5,point,,,,,,,
5/20/22 18:15,20.6,7.9,18.3,761,2348,761,11.2,18,-4.3,3090,0.2,-11.2,178,179,20.5,point,,,,,,,
5/20/22 18:15,20.6,7.9,18.4,761,2348,761,14.6,18,-4.3,3091,0.3,-14.6,178,179,20.5,point,,,,,,,
5/20/22 18:15,20.6,8,18.4,761,2347,761,14.2,18.2,-4.2,3094,0,-14.2,180,180,20.6,point,,,,,,,
5/20/22 18:15,20.7,8,18.4,761,2348,761,13,18.2,-4.2,3094,0,-13,179,180,20.6,point,,,,,,,
5/20/22 18:15,20.6,7.9,18.4,761,2348,761,11.4,18.2,-4.2,3093,0.4,-11.4,177,178,20.6,point,,,,,,,
5/20/22 18:15,20.7,8,18.4,761,2348,761,14.4,18.2,-4.2,3095,0.2,-14.4,178,179,20.6,point,,,,,,,
5/20/22 18:15,20.7,8,18.4,760.9,2348,760.9,13.7,18.4,-4.1,3098,0.2,-13.7,181,181,20.7,point,,,,,,,
5/20/22 18:15,20.7,8,18.4,760.9,2348,760.9,12.2,18.4,-4.1,3097,0,-12.2,179,180,20.7,point,,,,,,,
5/20/22 18:15,20.7,8,18.4,760.9,2348,760.9,11.5,18.4,-4.1,3098,0,-11.5,179,180,20.7,point,,,,,,,
5/20/22 18:15,20.7,8,18.4,760.9,2348,760.9,14.2,18.4,-4.1,3098,0.2,-14.2,179,179,20.7,point,,,,,,,
5/20/22 18:15,20.7,8,18.4,761,2347,761,18.5,18.4,-4.1,3096,0.3,-18.5,181,181,20.6,point,,,,,,,
5/20/22 18:15,20.7,8,18.4,761,2348,761,15.7,18.4,-4.1,3096,0,-15.7,179,180,20.7,point,,,,,,,
5/20/22 18:15,20.7,8,18.4,761,2347,761,16.3,18.4,-4.1,3096,0,-16.3,179,180,20.7,point,,,,,,,
5/20/22 18:15,20.7,8,18.4,761,2347,761,17.6,18.4,-4.1,3096,0.3,-17.6,180,181,20.7,point,,,,,,,
5/20/22 18:15,20.7,8,18.4,761,2347,761,15.7,18.4,-4.1,3096,0.3,-15.7,180,181,20.7,point,,,,,,,
5/20/22 18:15,20.8,8.1,18.4,761,2347,761,14.5,18.4,-4,3099,0.3,-14.5,179,179,20.7,point,,,,,,,
5/20/22 18:15,20.9,8.1,18.4,761,2347,761,16.7,18.5,-4,3101,0.3,-16.7,179,179,20.8,point,,,,,,,
5/20/22 18:15,20.9,8.1,18.4,760.9,2348,760.9,14.4,18.7,-3.9,3105,0.2,-14.4,179,179,20.9,point,,,,,,,
5/20/22 18:15,21.1,8.2,18.4,761,2348,761,11.7,18.8,-3.8,3109,0.2,-11.7,178,179,21,point,,,,,,,
5/20/22 18:15,21.2,8.3,18.4,761,2348,761,14.8,19,-3.8,3112,0.3,-14.8,178,179,21.1,point,,,,,,,
5/20/22 18:15,21.1,8.2,18.4,761,2347,761,19.3,19,-3.8,3111,0.7,-19.3,177,178,21.1,point,,,,,,,
5/20/22 18:15,21,8.1,18.4,761,2347,761,23.2,18.8,-3.9,3106,0,-23.2,179,180,20.8,point,,,,,,,
5/20/22 18:16,20.9,8.1,18.4,761,2347,761,20.1,18.7,-3.9,3103,0.3,-20.1,178,179,20.8,point,,,,,,,
5/20/22 18:16,21,8.1,18.4,761,2347,761,18.2,18.7,-3.9,3105,0.3,-18.2,179,179,20.9,point,,,,,,,
5/20/22 18:16,21,8.1,18.5,761,2347,761,14.8,18.7,-3.9,3105,0.3,-14.8,178,179,20.9,point,,,,,,,
5/20/22 18:16,21,8.1,18.5,761,2348,761,13.5,18.7,-3.9,3105,0.7,-13.5,177,177,20.9,point,,,,,,,
5/20/22 18:16,21,8.1,18.5,761,2348,761,17.3,18.7,-3.9,3105,0.6,-17.3,178,178,20.9,point,,,,,,,
5/20/22 18:16,20.9,8.1,18.5,761,2347,761,21,18.5,-4,3101,0.4,-21,178,179,20.6,point,,,,,,,
5/20/22 18:16,20.8,8.1,18.5,761,2347,761,23.5,18.4,-4,3099,0.4,-23.5,178,179,20.4,point,,,,,,,
5/20/22 18:16,20.7,8,18.5,761,2346,761.1,20.2,18.4,-4.1,3096,0.3,-20.2,179,179,20.5,point,,,,,,,
5/20/22 18:16,20.8,8.1,18.5,761,2347,761,13.7,18.4,-4,3099,0.5,-13.6,177,178,20.7,point,,,,,,,
5/20/22 18:16,20.8,8.1,18.5,761,2347,761,12,18.4,-4,3100,0,-12,180,180,20.7,point,,,,,,,
5/20/22 18:16,20.8,8.1,18.5,760.9,2348,760.9,9.1,18.5,-4,3102,0.3,-9.1,181,182,20.8,point,,,,,,,
5/20/22 18:16,20.8,8.1,18.5,760.9,2348,760.9,8.5,18.5,-3.9,3103,0.1,-8.5,179,179,20.8,point,,,,,,,
5/20/22 18:16,20.9,8.1,18.6,761,2348,761,6.1,18.5,-3.9,3103,0,-6.1,180,180,20.8,point,,,,,,,
5/20/22 18:16,20.9,8.1,18.6,760.9,2348,760.9,7.5,18.7,-3.9,3106,0,-7.5,180,180,20.9,point,,,,,,,
5/20/22 18:16,21,8.2,18.6,760.9,2349,760.9,10.2,18.8,-3.8,3109,0.2,-10.2,180,181,21,point,,,,,,,
5/20/22 18:16,21.1,8.2,18.6,760.9,2348,760.9,12.4,18.8,-3.8,3111,0,-12.4,179,180,21,point,,,,,,,
5/20/22 18:16,21.2,8.3,18.6,760.9,2348,760.9,11.7,19,-3.6,3114,0,-11.7,179,180,21.1,point,,,,,,,
5/20/22 18:16,21.2,8.3,18.6,760.9,2348,760.9,14.7,19,-3.7,3114,0,-14.7,179,180,21.1,point,,,,,,,
5/20/22 18:16,21,8.2,18.5,761,2348,761,20,18.8,-3.8,3108,0.3,-20,179,179,20.9,point,,,,,,,
5/20/22 18:16,20.9,8.1,18.5,761,2348,761,22.3,18.5,-3.9,3103,0.4,-22.3,178,179,20.6,point,,,,,,,
5/20/22 18:16,20.8,8.1,18.5,761,2347,761,19.7,18.5,-4,3101,0.7,-19.7,178,178,20.7,point,,,,,,,
5/20/22 18:16,20.8,8.1,18.5,761,2348,761,17.9,18.5,-4,3101,0.6,-17.9,177,178,20.8,point,,,,,,,
5/20/22 18:16,20.8,8.1,18.5,761,2347,761.1,15.8,18.5,-4,3101,0.3,-15.8,178,179,20.8,point,,,,,,,
5/20/22 18:16,20.8,8.1,18.5,761,2348,761,12.7,18.5,-4,3101,0,-12.7,180,180,20.8,point,,,,,,,
5/20/22 18:16,20.9,8.1,18.5,761,2348,761,11,18.5,-3.9,3102,0.2,-11,178,179,20.8,point,,,,,,,
5/20/22 18:16,20.9,8.1,18.5,761,2348,761,12.1,18.5,-3.9,3103,0,-12.1,179,180,20.8,point,,,,,,,
5/20/22 18:16,20.9,8.1,18.6,760.9,2349,760.9,12.9,18.5,-3.9,3104,0.2,-12.9,180,181,20.8,point,,,,,,,
5/20/22 18:16,20.9,8.1,18.6,760.9,2348,760.9,12,18.5,-3.9,3104,0,-12,179,180,20.8,point,,,,,,,
5/20/22 18:16,20.9,8.1,18.6,761,2348,761,13.2,18.5,-3.9,3103,0.2,-13.2,178,179,20.8,point,,,,,,,
5/20/22 18:16,20.9,8.1,18.6,761,2348,761,11.6,18.7,-3.9,3105,0.2,-11.6,178,179,20.9,point,,,,,,,
5/20/22 18:17,20.9,8.2,18.6,761,2348,761,15,18.7,-3.8,3105,0.5,-15,178,178,20.9,point,,,,,,,
5/20/22 18:17,20.9,8.1,18.6,761,2348,761,17.2,18.7,-3.9,3104,0.3,-17.2,178,179,20.9,point,,,,,,,
5/20/22 18:17,20.9,8.1,18.6,761,2348,761,14.6,18.7,-3.9,3104,0.3,-14.6,179,179,20.9,point,,,,,,,
5/20/22 18:17,21,8.2,18.6,761,2348,761,14.3,18.7,-3.8,3106,0,-14.3,179,180,20.9,point,,,,,,,
5/20/22 18:17,21,8.2,18.6,761,2348,761,17,18.8,-3.8,3108,1.2,-17,176,176,21,point,,,,,,,
5/20/22 18:17,21.1,8.2,18.6,761,2348,761,16,18.8,-3.7,3110,0.8,-16,176,177,21,point,,,,,,,
5/20/22 18:17,21.2,8.3,18.6,761,2348,761,15.8,19,-3.7,3112,0.8,-15.8,177,177,21.1,point,,,,,,,
5/20/22 18:17,21.2,8.3,18.6,761,2348,761,19.6,19,-3.6,3112,0,-19.6,180,180,21.1,point,,,,,,,
5/20/22 18:17,21.1,8.2,18.6,761,2348,761,19.4,18.8,-3.8,3109,0.7,-19.4,181,182,21,point,,,,,,,
5/20/22 18:17,20.9,8.1,18.6,761,2348,761,24.1,18.7,-3.8,3105,0.4,-24.1,180,181,20.6,point,,,,,,,
5/20/22 18:17,20.9,8.1,18.6,761,2347,761,22.2,18.7,-3.9,3104,0,-22.2,180,180,20.7,point,,,,,,,
5/20/22 18:17,20.9,8.1,18.5,761,2347,761,16.6,18.7,-3.9,3105,1.2,-16.5,175,176,20.9,point,,,,,,,
5/20/22 18:17,21,8.2,18.6,761,2348,761,13.3,18.7,-3.8,3106,0.7,-13.2,177,177,20.9,point,,,,,,,
5/20/22 18:17,21.1,8.2,18.5,761,2348,761,15,18.8,-3.7,3110,0.3,-15,178,179,21,point,,,,,,,
5/20/22 18:17,21.1,8.2,18.5,761,2348,761,15.9,19,-3.7,3112,0.3,-15.9,181,181,21.1,point,,,,,,,
5/20/22 18:17,21.1,8.2,18.5,760.9,2348,760.9,11.7,19,-3.7,3112,0,-11.7,180,180,21.1,point,,,,,,,
5/20/22 18:17,21.1,8.2,18.5,760.9,2349,760.9,13.1,18.8,-3.8,3112,0.2,-13,179,179,21,point,,,,,,,
5/20/22 18:17,21.1,8.2,18.5,760.9,2348,760.9,13.9,19,-3.8,3112,0,-13.9,180,180,21.1,point,,,,,,,
5/20/22 18:17,21.1,8.2,18.5,760.9,2348,760.9,16.3,18.8,-3.8,3111,0,-16.3,180,180,21,point,,,,,,,
5/20/22 18:17,21.1,8.2,18.5,760.9,2348,760.9,17.9,18.8,-3.8,3112,0.3,-17.9,179,179,21,point,,,,,,,
5/20/22 18:17,21,8.2,18.5,761,2348,761,20.4,18.8,-3.8,3106,0,-20.4,180,180,20.9,point,,,,,,,
5/20/22 18:17,20.9,8.1,18.5,761,2348,761,17.1,18.5,-4,3101,0,-17.1,179,180,20.8,point,,,,,,,
5/20/22 18:17,20.9,8.1,18.5,761,2348,761,16.7,18.5,-4,3101,0.3,-16.7,178,179,20.8,point,,,,,,,
5/20/22 18:17,20.9,8.1,18.5,760.9,2348,760.9,18.1,18.5,-4,3104,0,-18.1,180,180,20.8,point,,,,,,,
5/20/22 18:17,20.9,8.1,18.5,761,2348,761,18,18.7,-3.9,3104,0,-18,179,180,20.9,point,,,,,,,
5/20/22 18:17,20.9,8.1,18.5,761,2348,761,15.5,18.5,-4,3102,0,-15.5,179,180,20.8,point,,,,,,,
5/20/22 18:17,20.9,8.1,18.5,760.9,2348,760.9,12.7,18.5,-3.9,3104,0.2,-12.7,178,179,20.8,point,,,,,,,
5/20/22 18:17,21,8.2,18.5,760.9,2349,760.9,12.4,18.7,-3.8,3108,0,-12.4,180,180,20.9,point,,,,,,,
5/20/22 18:17,21,8.2,18.5,760.9,2349,760.9,13.9,18.8,-3.8,3109,0.2,-13.9,179,179,21,point,,,,,,,
5/20/22 18:17,21.1,8.2,18.5,760.9,2349,760.9,13.1,18.8,-3.8,3112,0.9,-13.1,175,176,21,point,,,,,,,
5/20/22 18:18,21.1,8.2,18.5,760.9,2348,760.9,15.8,19,-3.7,3112,0.3,-15.8,178,179,21.1,point,,,,,,,
5/20/22 18:18,21.1,8.2,18.5,761,2348,761,18.2,19,-3.7,3112,0.6,-18.2,178,178,21.1,point,,,,,,,
5/20/22 18:18,21.2,8.3,18.5,761,2348,761,14.6,19.1,-3.6,3115,0.5,-14.6,178,178,21.2,point,,,,,,,
5/20/22 18:18,21.3,8.4,18.5,761,2348,761,17.5,19.1,-3.6,3116,0.6,-17.5,177,178,21.2,point,,,,,,,
5/20/22 18:18,21.1,8.2,18.5,761,2348,761,16.9,19,-3.7,3112,0.6,-16.9,177,178,21.1,point,,,,,,,
5/20/22 18:18,21.1,8.2,18.5,761,2348,761,14.4,18.8,-3.8,3110,0.2,-14.4,178,179,21,point,,,,,,,
5/20/22 18:18,21.1,8.2,18.5,760.9,2348,760.9,15.5,18.8,-3.8,3110,0.3,-15.5,178,179,21,point,,,,,,,
5/20/22 18:18,21.1,8.2,18.5,761,2348,761,18,19,-3.8,3111,0.3,-18,178,179,21.1,point,,,,,,,
5/20/22 18:18,21.1,8.2,18.5,761,2347,761,17.3,18.8,-3.8,3111,0.3,-17.3,178,179,21,point,,,,,,,
5/20/22 18:18,21.1,8.2,18.5,761,2348,761,14.6,19,-3.8,3111,0,-14.6,179,180,21.1,point,,,,,,,
5/20/22 18:18,21.1,8.2,18.5,761,2347,761,13.5,18.8,-3.8,3111,0.2,-13.5,178,179,21,point,,,,,,,
5/20/22 18:18,21.1,8.2,18.5,761,2348,761,14.4,19,-3.8,3111,0.2,-14.4,179,179,21.1,point,,,,,,,
5/20/22 18:18,21.2,8.3,18.5,761,2348,761,14.5,19,-3.7,3112,0.3,-14.5,179,179,21.1,point,,,,,,,
5/20/22 18:18,21.1,8.3,18.6,761,2348,761,12,19,-3.7,3112,0,-12,179,180,21.1,point,,,,,,,
5/20/22 18:18,21.1,8.2,18.6,761,2348,761,11.1,19,-3.7,3112,0.2,-11.1,178,179,21.1,point,,,,,,,
5/20/22 18:18,21.1,8.2,18.6,760.9,2348,760.9,11.5,19,-3.7,3112,0.4,-11.5,178,178,21.1,point,,,,,,,
5/20/22 18:18,21.1,8.2,18.6,760.9,2348,760.9,11.7,19,-3.7,3112,0.4,-11.7,178,178,21.1,point,,,,,,,
5/20/22 18:18,21.1,8.2,18.6,760.9,2349,760.9,10.2,19,-3.7,3112,0,-10.2,179,180,21.1,point,,,,,,,
5/20/22 18:18,21.1,8.2,18.6,760.9,2349,760.9,10.9,18.8,-3.7,3112,0,-10.9,180,180,21,point,,,,,,,
5/20/22 18:18,21,8.2,18.6,761,2348,761,15.4,18.8,-3.8,3108,0.3,-15.4,180,181,21,point,,,,,,,
5/20/22 18:18,21,8.2,18.6,761,2348,761,15.9,18.7,-3.8,3106,0,-15.9,179,180,20.9,point,,,,,,,
5/20/22 18:18,21,8.2,18.6,760.9,2348,760.9,13.2,18.7,-3.8,3107,0,-13.2,179,180,20.9,point,,,,,,,
5/20/22 18:18,21,8.2,18.6,760.9,2348,760.9,12.9,18.7,-3.8,3108,0.2,-12.9,179,179,20.9,point,,,,,,,
5/20/22 18:18,21,8.2,18.6,760.9,2348,760.9,11.5,18.8,-3.7,3110,0.2,-11.5,179,179,21,point,,,,,,,
5/20/22 18:18,21.1,8.2,18.6,760.9,2349,760.9,12.5,18.8,-3.7,3112,0,-12.5,180,180,21,point,,,,,,,
5/20/22 18:18,21.1,8.2,18.7,760.9,2348,760.9,13.6,18.8,-3.7,3111,0,-13.6,179,180,21,point,,,,,,,
5/20/22 18:18,21.1,8.2,18.7,760.9,2348,760.9,14.3,18.8,-3.7,3110,0,-14.3,179,180,21,point,,,,,,,
5/20/22 18:18,21,8.2,18.7,761,2348,761,13.7,18.8,-3.7,3108,0.5,-13.7,177,178,21,point,,,,,,,
5/20/22 18:18,21.1,8.2,18.7,761,2347,761,13,19,-3.6,3111,0.7,-13,177,177,21.1,point,,,,,,,
5/20/22 18:18,21.2,8.3,18.7,761,2348,761,15.5,19,-3.6,3113,0.8,-15.5,176,177,21.1,point,,,,,,,
5/20/22 18:19,21.1,8.3,18.7,760.9,2348,760.9,14.9,19,-3.6,3113,0.8,-14.9,176,177,21.1,point,,,,,,,
5/20/22 18:19,21.1,8.2,18.7,761,2348,761,12.6,19,-3.6,3112,0.7,-12.6,176,177,21.1,point,,,,,,,
5/20/22 18:19,21.1,8.2,18.7,761,2348,761,9.3,19,-3.6,3112,0.5,-9.3,177,177,21.1,point,,,,,,,
5/20/22 18:19,21.1,8.2,18.6,760.9,2348,760.9,9.2,19,-3.6,3112,0.5,-9.2,177,177,21.1,point,,,,,,,
5/20/22 18:19,21.1,8.2,18.6,760.9,2348,760.9,10.3,19,-3.6,3112,0.4,-10.3,178,178,21.1,point,,,,,,,
5/20/22 18:19,21.1,8.2,18.6,760.9,2348,760.9,11.1,19,-3.6,3113,0,-11.1,179,179,21.1,point,,,,,,,
5/20/22 18:19,21.2,8.3,18.6,760.9,2348,760.9,11.8,19,-3.6,3115,0,-11.8,180,180,21.1,point,,,,,,,
5/20/22 18:19,21.2,8.3,18.6,761,2348,761,16.9,19.1,-3.6,3114,0,-16.9,180,180,21.2,point,,,,,,,
5/20/22 18:19,21.2,8.3,18.6,761,2348,761,18.2,19,-3.6,3112,0,-18.2,179,180,21.1,point,,,,,,,
5/20/22 18:19,21.1,8.2,18.6,761,2347,761.1,15.3,19,-3.6,3111,0,-15.3,178,179,21.1,point,,,,,,,
5/20/22 18:19,21.3,8.4,18.7,761,2347,761,16.2,19.1,-3.5,3116,0.6,-16.2,178,178,21.2,point,,,,,,,
5/20/22 18:19,21.4,8.5,18.7,761,2347,761,17.2,19.3,-3.4,3119,0.6,-17.2,177,178,21.3,point,,,,,,,
5/20/22 18:19,21.4,8.5,18.7,761,2347,761,16.5,19.4,-3.4,3121,0.3,-16.5,178,179,21.4,point,,,,,,,
5/20/22 18:19,21.4,8.5,18.6,761,2347,761,16.6,19.4,-3.4,3121,0.9,-16.6,177,177,21.4,point,,,,,,,
5/20/22 18:19,21.5,8.5,18.6,761,2347,761,18.2,19.4,-3.3,3123,1,-18.2,177,177,21.4,point,,,,,,,
5/20/22 18:19,21.5,8.5,18.6,761,2347,761,18.5,19.4,-3.4,3123,1.6,-18.4,175,175,21.4,point,,,,,,,
5/20/22 18:19,21.4,8.5,18.6,761,2348,761,17.6,19.3,-3.5,3119,0.9,-17.6,176,177,21.3,point,,,,,,,
5/20/22 18:19,21.3,8.4,18.6,761,2347,761,19.9,19.3,-3.5,3118,0.3,-19.9,179,179,21.3,point,,,,,,,
5/20/22 18:19,21.4,8.5,18.6,761,2347,761.1,19.3,19.3,-3.5,3118,0,-19.3,180,180,21.3,point,,,,,,,
5/20/22 18:19,21.4,8.5,18.6,761,2347,761.1,17.8,19.3,-3.5,3118,0.6,-17.8,182,182,21.3,point,,,,,,,
5/20/22 18:19,21.4,8.5,18.6,761,2348,761,16.5,19.3,-3.5,3119,0,-16.5,180,180,21.3,point,,,,,,,
5/20/22 18:19,21.3,8.4,18.6,761,2347,761,16.4,19.3,-3.5,3119,0.6,-16.4,178,178,21.3,point,,,,,,,
5/20/22 18:19,21.3,8.4,18.6,761,2346,761.1,21.2,19.1,-3.5,3115,0.7,-21.2,177,178,21.1,point,,,,,,,
5/20/22 18:19,21.2,8.3,18.6,761,2347,761.1,19.5,19.1,-3.6,3114,0.7,-19.5,177,178,21.2,point,,,,,,,
5/20/22 18:19,21.1,8.3,18.6,761,2347,761.1,20.6,19,-3.6,3112,0.7,-20.6,177,178,21,point,,,,,,,
5/20/22 18:19,21.1,8.2,18.6,761,2347,761.1,17.9,19,-3.7,3109,0,-17.9,180,180,21.1,point,,,,,,,
5/20/22 18:19,21.1,8.2,18.6,761,2347,761,18.1,18.8,-3.7,3109,0,-18.1,180,180,21,point,,,,,,,
5/20/22 18:19,21,8.2,18.6,761,2347,761.1,19.8,18.8,-3.7,3107,0.3,-19.8,181,181,20.9,point,,,,,,,
5/20/22 18:19,21.1,8.2,18.6,761,2346,761.1,25.8,18.8,-3.7,3108,0.4,-25.8,180,181,20.7,point,,,,,,,
5/20/22 18:19,21,8.2,18.6,761,2346,761.1,25.2,18.8,-3.7,3106,0.4,-25.2,178,179,20.7,point,,,,,,,
5/20/22 18:20,21,8.2,18.6,761,2346,761.1,22.6,18.7,-3.8,3105,0.8,-22.6,178,178,20.7,point,,,,,,,
5/20/22 18:20,20.9,8.2,18.6,761,2347,761.1,24.7,18.7,-3.8,3104,0.9,-24.7,178,178,20.6,point,,,,,,,
5/20/22 18:20,20.9,8.2,18.6,761,2347,761.1,23.3,18.7,-3.8,3103,1.6,-23.2,175,176,20.7,point,,,,,,,
5/20/22 18:20,21,8.2,18.7,761,2347,761,19.6,18.7,-3.8,3106,1.4,-19.6,175,176,20.8,point,,,,,,,
5/20/22 18:20,20.9,8.2,18.7,761,2347,761,18.7,18.7,-3.8,3105,1.3,-18.6,176,176,20.9,point,,,,,,,
5/20/22 18:20,20.9,8.2,18.7,761,2347,761,13.2,18.5,-3.8,3103,0.7,-13.2,177,177,20.8,point,,,,,,,
5/20/22 18:20,20.9,8.2,18.7,761,2348,761,11.9,18.5,-3.8,3103,1.2,-11.9,174,174,20.8,point,,,,,,,
5/20/22 18:20,20.9,8.2,18.8,761,2348,761,12.8,18.5,-3.8,3102,0.9,-12.8,176,176,20.8,point,,,,,,,
5/20/22 18:20,20.9,8.2,18.8,761,2347,761,14.8,18.7,-3.7,3104,0.8,-14.8,177,177,20.9,point,,,,,,,
5/20/22 18:20,21,8.2,18.9,761,2347,761,17.4,18.8,-3.6,3108,1.2,-17.4,176,176,21,point,,,,,,,
5/20/22 18:20,21.1,8.4,18.9,761,2347,761.1,20.7,18.8,-3.5,3109,1.8,-20.6,174,175,20.9,point,,,,,,,
5/20/22 18:20,21,8.2,18.9,761,2347,761.1,20.4,18.7,-3.6,3105,1.4,-20.4,175,176,20.8,point,,,,,,,
5/20/22 18:20,20.9,8.2,18.9,761,2347,761,17.9,18.7,-3.6,3103,0.6,-17.9,178,178,20.9,point,,,,,,,
5/20/22 18:20,20.9,8.2,18.9,761,2347,761.1,21.1,18.5,-3.6,3102,0.7,-21,177,178,20.6,point,,,,,,,
5/20/22 18:20,20.9,8.2,18.9,761,2347,761,15.9,18.7,-3.6,3105,0.3,-15.9,179,179,20.9,point,,,,,,,
5/20/22 18:20,21,8.3,18.9,761,2347,761,18.9,18.8,-3.5,3108,0,-18.9,179,180,21,point,,,,,,,
5/20/22 18:20,21,8.3,18.9,761,2347,761,25.4,18.8,-3.5,3109,0,-25.4,179,180,20.7,point,,,,,,,
5/20/22 18:20,21.1,8.4,18.9,761,2347,761.1,24.2,18.8,-3.5,3109,0.8,-24.2,178,178,20.8,point,,,,,,,
5/20/22 18:20,21.2,8.4,18.9,761,2347,761,19.8,19.1,-3.4,3114,0.7,-19.8,178,178,21.2,point,,,,,,,
5/20/22 18:20,21.2,8.4,18.9,761,2347,761,19.6,19.1,-3.4,3115,1,-19.6,177,177,21.2,point,,,,,,,
5/20/22 18:20,21.1,8.4,18.9,761,2346,761.1,24.1,19,-3.4,3112,1.3,-24,176,177,20.9,point,,,,,,,
5/20/22 18:20,21.1,8.4,18.9,761,2347,761,18.4,19,-3.5,3112,1,-18.4,176,177,21.1,point,,,,,,,
5/20/22 18:20,21.1,8.4,18.9,761,2347,761,18.3,19,-3.5,3111,1,-18.2,176,177,21.1,point,,,,,,,
5/20/22 18:20,21.1,8.4,18.9,761,2347,761.1,25.2,19,-3.5,3110,1.8,-25.1,175,176,20.9,point,,,,,,,
5/20/22 18:20,21.1,8.4,19,761,2347,761.1,28.3,18.8,-3.5,3108,2,-28.2,176,176,20.6,point,,,,,,,
5/20/22 18:20,20.9,8.3,19,761,2346,761.1,25.5,18.7,-3.5,3104,1.8,-25.5,176,176,20.6,point,,,,,,,
5/20/22 18:20,20.8,8.1,19,761,2346,761.1,26.1,18.5,-3.6,3101,1.8,-26,176,176,20.4,point,,,,,,,
5/20/22 18:20,20.8,8.1,19,761.2,2346,761.1,23.3,18.4,-3.6,3099,1.6,-23.3,176,176,20.4,point,,,,,,,
5/20/22 18:20,20.8,8.1,19.1,761,2346,761.1,21.8,18.4,-3.6,3098,0.8,-21.7,177,178,20.5,point,,,,,,,
5/20/22 18:20,20.8,8.1,19.1,761.2,2346,761.2,24.8,18.5,-3.6,3098,0.4,-24.8,179,179,20.5,point,,,,,,,
5/20/22 18:21,20.8,8.1,19.1,761.2,2345,761.2,26.3,18.4,-3.6,3096,0.5,-26.3,178,179,20.3,point,,,,,,,
5/20/22 18:21,20.8,8.1,19.1,761.2,2346,761.1,23.7,18.4,-3.6,3098,0.8,-23.7,177,178,20.4,point,,,,,,,
5/20/22 18:21,20.9,8.2,19.1,761,2347,761.1,19.4,18.5,-3.5,3101,2,-19.3,174,174,20.7,point,,,,,,,
5/20/22 18:21,20.9,8.2,19.1,761,2347,761.1,18.4,18.7,-3.5,3102,1.3,-18.4,175,176,20.9,point,,,,,,,
5/20/22 18:21,20.9,8.2,19.1,761,2347,761,19.6,18.5,-3.5,3103,1,-19.6,177,177,20.7,point,,,,,,,
5/20/22 18:21,20.9,8.2,19.1,761,2347,761.1,22.4,18.5,-3.5,3101,1.6,-22.4,175,176,20.6,point,,,,,,,
5/20/22 18:21,20.9,8.2,19.1,761,2347,761.1,23,18.7,-3.5,3102,0.4,-23,178,179,20.7,point,,,,,,,
5/20/22 18:21,21,8.3,19.1,761,2347,761.1,19.9,18.7,-3.4,3105,1,-19.9,177,177,20.8,point,,,,,,,
5/20/22 18:21,21,8.3,19.1,761,2347,761,15.4,18.8,-3.4,3109,0.5,-15.4,178,178,21,point,,,,,,,
5/20/22 18:21,21.1,8.4,19.1,761,2347,761,19.9,19,-3.3,3112,1,-19.9,176,177,21.1,point,,,,,,,
5/20/22 18:21,21.1,8.4,19.1,761,2347,761.1,25.3,18.8,-3.3,3108,1.3,-25.3,177,177,20.7,point,,,,,,,
5/20/22 18:21,21,8.3,19.1,761,2347,761.1,24.1,18.8,-3.4,3107,0.8,-24.1,177,178,20.8,point,,,,,,,
5/20/22 18:21,21.1,8.4,19.1,761,2347,761.1,19.3,18.8,-3.4,3108,1.3,-19.3,176,176,21,point,,,,,,,
5/20/22 18:21,21.1,8.4,19.1,761,2347,761.1,18.3,18.8,-3.4,3108,0.6,-18.2,177,178,21,point,,,,,,,
5/20/22 18:21,21.1,8.4,19.1,761,2347,761,18.6,18.8,-3.4,3110,1.3,-18.6,176,176,21,point,,,,,,,
5/20/22 18:21,21.1,8.4,19.1,761,2347,761,22,19,-3.4,3111,1.1,-21.9,176,177,21,point,,,,,,,
5/20/22 18:21,21.1,8.4,19,761,2347,761.1,25.1,18.8,-3.4,3108,1.3,-25.1,177,177,20.7,point,,,,,,,
5/20/22 18:21,21.1,8.4,19,761,2347,761.1,21.3,18.8,-3.4,3108,0.4,-21.3,180,181,20.9,point,,,,,,,
5/20/22 18:21,21.1,8.4,19,761,2347,761.1,19.1,19,-3.4,3111,0.7,-19.1,177,178,21.1,point,,,,,,,
5/20/22 18:21,21.3,8.4,19,761,2346,761.1,19.3,19.1,-3.3,3115,0.3,-19.3,179,179,21.2,point,,,,,,,
5/20/22 18:21,21.4,8.5,19,761,2347,761.1,20.3,19.3,-3.2,3118,1.1,-20.3,177,177,21.3,point,,,,,,,
5/20/22 18:21,21.3,8.4,18.9,761,2347,761.1,25.3,19.3,-3.3,3117,0.9,-25.3,177,178,21.1,point,,,,,,,
5/20/22 18:21,21.2,8.4,18.9,761.2,2346,761.2,28.3,19,-3.4,3111,1,-28.2,177,178,20.8,point,,,,,,,
5/20/22 18:21,21.1,8.4,18.9,761.2,2345,761.2,28.3,18.8,-3.5,3106,0,-28.3,180,180,20.6,point,,,,,,,
5/20/22 18:21,21,8.2,18.9,761.2,2345,761.2,28.7,18.7,-3.6,3103,1,-28.7,178,178,20.5,point,,,,,,,
5/20/22 18:21,21,8.2,18.9,761.2,2345,761.2,24,18.7,-3.6,3103,0,-24,179,180,20.6,point,,,,,,,
5/20/22 18:21,21,8.2,18.9,761.2,2346,761.1,23.8,18.7,-3.6,3105,0.4,-23.7,178,179,20.7,point,,,,,,,
5/20/22 18:21,21,8.2,18.9,761.2,2346,761.2,28,18.7,-3.6,3103,0,-28,179,180,20.5,point,,,,,,,
5/20/22 18:21,20.9,8.2,18.9,761.2,2346,761.2,33,18.5,-3.7,3101,0,-33,179,180,20.2,point,,,,,,,
5/20/22 18:21,20.8,8.1,18.9,761.2,2345,761.2,30.2,18.4,-3.7,3098,0.5,-30.2,179,179,20.2,point,,,,,,,
5/20/22 18:22,20.8,8.1,18.9,761.2,2346,761.2,24,18.4,-3.8,3096,0,-24,180,180,20.4,point,,,,,,,
5/20/22 18:22,20.8,8.1,18.9,761,2347,761.1,20.2,18.4,-3.7,3098,0.3,-20.2,179,179,20.5,point,,,,,,,
5/20/22 18:22,21,8.2,18.9,761,2347,761.1,17.8,18.7,-3.5,3104,0.6,-17.7,178,178,20.9,point,,,,,,,
5/20/22 18:22,21.1,8.4,19,761,2347,761,18,18.8,-3.5,3109,0.6,-18,177,178,21,point,,,,,,,
5/20/22 18:22,21.1,8.4,19,761,2347,761,19.6,19,-3.4,3111,0.3,-19.6,181,181,21.1,point,,,,,,,
5/20/22 18:22,21.1,8.4,19,761,2347,761.1,22.6,19,-3.4,3111,0,-22.6,179,180,21,point,,,,,,,
5/20/22 18:22,21.1,8.4,19,761,2347,761.1,23.9,19,-3.4,3110,0.4,-23.9,181,181,20.9,point,,,,,,,
5/20/22 18:22,21.1,8.4,19,761,2347,761.1,18.8,18.8,-3.5,3109,1,-18.8,177,177,21,point,,,,,,,
5/20/22 18:22,21,8.3,18.9,761,2348,761,14.7,18.8,-3.5,3108,0.3,-14.7,179,179,21,point,,,,,,,
5/20/22 18:22,21,8.3,18.9,761,2347,761,14.2,18.8,-3.5,3108,0,-14.2,180,180,21,point,,,,,,,
5/20/22 18:22,21.1,8.4,18.9,761,2347,761,17.4,18.8,-3.5,3109,0,-17.4,179,180,21,point,,,,,,,
5/20/22 18:22,21.1,8.4,18.9,761,2347,761,15.5,18.8,-3.5,3109,1.1,-15.5,183,184,21,point,,,,,,,
5/20/22 18:22,21,8.3,19,761,2348,761,13.8,18.8,-3.5,3108,0.2,-13.8,179,179,21,point,,,,,,,
5/20/22 18:22,21,8.3,19,761,2347,761,20.1,18.7,-3.5,3106,0,-20.1,180,180,20.8,point,,,,,,,
5/20/22 18:22,20.9,8.2,19,761,2347,761.1,24,18.7,-3.6,3103,0.4,-24,179,179,20.6,point,,,,,,,
5/20/22 18:22,20.9,8.2,19,761,2347,761,21.3,18.5,-3.6,3103,0,-21.3,179,180,20.6,point,,,,,,,
5/20/22 18:22,20.9,8.2,19,761,2347,761.1,20.7,18.7,-3.5,3103,0.7,-20.6,178,178,20.8,point,,,,,,,
5/20/22 18:22,21,8.3,19,761,2346,761.1,19.8,18.7,-3.5,3105,0.3,-19.8,180,181,20.8,point,,,,,,,
5/20/22 18:22,21,8.3,19,761,2347,761.1,17.1,18.7,-3.5,3105,0.3,-17.1,180,181,20.9,point,,,,,,,
5/20/22 18:22,21,8.3,19,761,2347,761.1,16.4,18.7,-3.5,3104,0.3,-16.4,178,179,20.9,point,,,,,,,
5/20/22 18:22,21,8.3,19,761,2347,761,15.3,18.8,-3.5,3108,1.3,-15.2,175,175,21,point,,,,,,,
5/20/22 18:22,21.1,8.4,19,761,2348,761,15.5,19,-3.4,3111,1.4,-15.4,176,177,21.1,point,,,,,,,
5/20/22 18:22,21.1,8.4,19,761,2348,761,16.7,19,-3.4,3112,0.3,-16.7,179,179,21.1,point,,,,,,,
5/20/22 18:22,21.2,8.4,19,761,2347,761.1,19.5,19,-3.4,3112,0.3,-19.5,179,179,21.1,point,,,,,,,
5/20/22 18:22,21.1,8.4,19,761,2347,761.1,21.6,19,-3.4,3110,0.4,-21.6,178,178,21,point,,,,,,,
5/20/22 18:22,21,8.3,19,761,2347,761.1,17.4,18.8,-3.5,3106,0.3,-17.4,178,179,21,point,,,,,,,
5/20/22 18:22,21,8.3,19,761,2347,761,19,18.7,-3.5,3106,0.7,-19,178,178,20.9,point,,,,,,,
5/20/22 18:22,21,8.3,19,761,2347,761.1,17,18.7,-3.5,3104,0,-17,180,180,20.9,point,,,,,,,
5/20/22 18:22,20.9,8.2,19,761,2347,761,13.8,18.7,-3.5,3105,0.2,-13.8,178,179,20.9,point,,,,,,,
5/20/22 18:22,20.9,8.2,19,761,2347,761.1,18.3,18.7,-3.5,3103,0.3,-18.2,179,179,20.9,point,,,,,,,
5/20/22 18:23,20.9,8.2,19,761,2347,761.1,20.8,18.5,-3.6,3101,0,-20.8,179,180,20.6,point,,,,,,,
5/20/22 18:23,20.8,8.1,19,761,2347,761,19.1,18.5,-3.6,3101,0.3,-19.1,178,179,20.7,point,,,,,,,
5/20/22 18:23,20.9,8.2,19,761,2347,761.1,16.1,18.5,-3.6,3101,0,-16.1,180,180,20.8,point,,,,,,,
5/20/22 18:23,20.9,8.2,19,761,2347,761.1,16.8,18.5,-3.6,3101,0.3,-16.8,180,181,20.8,point,,,,,,,
5/20/22 18:23,20.9,8.2,19,761,2347,761.1,17.8,18.5,-3.6,3101,0.3,-17.8,181,181,20.8,point,,,,,,,
5/20/22 18:23,20.9,8.2,19,761,2347,761,17.1,18.5,-3.6,3102,0,-17.1,180,180,20.8,point,,,,,,,
5/20/22 18:23,20.8,8.1,19,761,2347,761,19.9,18.5,-3.6,3101,0.3,-19.9,178,179,20.7,point,,,,,,,
5/20/22 18:23,20.8,8.1,19.1,761,2347,761,19.6,18.4,-3.6,3100,0.3,-19.6,178,179,20.6,point,,,,,,,
5/20/22 18:23,20.7,8.1,19.1,761,2347,761.1,17.6,18.4,-3.6,3097,0.6,-17.6,182,182,20.7,point,,,,,,,
5/20/22 18:23,20.7,8.1,19.1,761,2347,761,18.9,18.4,-3.6,3097,0.3,-18.9,178,179,20.6,point,,,,,,,
5/20/22 18:23,20.7,8.1,19.1,761,2347,761.1,21.3,18.4,-3.6,3096,0,-21.3,179,180,20.5,point,,,,,,,
5/20/22 18:23,20.7,8.1,19.2,761,2347,761.1,16.7,18.4,-3.6,3097,0,-16.7,179,180,20.7,point,,,,,,,
5/20/22 18:23,20.8,8.2,19.2,761,2347,761,14.6,18.5,-3.5,3101,0,-14.6,180,180,20.8,point,,,,,,,
5/20/22 18:23,20.8,8.2,19.2,761,2347,761.1,19.5,18.5,-3.5,3101,0.3,-19.5,181,181,20.7,point,,,,,,,
5/20/22 18:23,20.8,8.2,19.2,761,2347,761,17.9,18.5,-3.5,3101,0.6,-17.9,181,182,20.8,point,,,,,,,
5/20/22 18:23,20.8,8.1,19.2,761,2347,761,20.3,18.4,-3.5,3099,0.7,-20.3,178,178,20.5,point,,,,,,,
5/20/22 18:23,20.7,8.1,19.2,761,2346,761.1,26,18.4,-3.6,3096,0.5,-26,180,181,20.3,point,,,,,,,
5/20/22 18:23,20.7,8.1,19.2,761,2346,761.1,25.7,18.4,-3.5,3097,0.9,-25.7,182,182,20.3,point,,,,,,,
5/20/22 18:23,20.7,8.1,19.2,761,2346,761.1,20.6,18.3,-3.6,3095,0.7,-20.6,182,182,20.4,point,,,,,,,
5/20/22 18:23,20.7,8.1,19.2,761,2347,761,18,18.3,-3.6,3096,0.3,-18,180,181,20.5,point,,,,,,,
5/20/22 18:23,20.7,8.1,19.2,761,2347,761,15.8,18.3,-3.6,3097,0.6,-15.8,178,178,20.6,point,,,,,,,
5/20/22 18:23,20.8,8.2,19.3,761,2347,761,15.1,18.4,-3.5,3100,0,-15.1,179,180,20.7,point,,,,,,,
5/20/22 18:23,20.8,8.2,19.3,761,2347,761,16.9,18.5,-3.5,3101,0.3,-16.9,178,179,20.8,point,,,,,,,
5/20/22 18:23,20.9,8.2,19.3,761,2347,761,18.7,18.5,-3.4,3102,0.3,-18.7,178,179,20.7,point,,,,,,,
5/20/22 18:23,20.8,8.2,19.3,761,2348,761,20.3,18.5,-3.4,3101,0.4,-20.3,178,179,20.7,point,,,,,,,
5/20/22 18:23,20.8,8.2,19.3,761,2347,761,21.1,18.5,-3.4,3101,1.1,-21,183,183,20.6,point,,,,,,,
5/20/22 18:23,20.8,8.2,19.3,761,2347,761,17.8,18.4,-3.5,3100,0,-17.8,179,180,20.6,point,,,,,,,
5/20/22 18:23,20.8,8.2,19.3,761,2347,761,18.7,18.4,-3.4,3100,0.3,-18.7,179,179,20.6,point,,,,,,,
5/20/22 18:23,20.8,8.2,19.3,761,2347,761.1,19.8,18.5,-3.4,3100,0.3,-19.8,180,181,20.7,point,,,,,,,
5/20/22 18:23,20.8,8.2,19.3,761,2347,761.1,20.9,18.5,-3.4,3101,0,-20.9,180,180,20.6,point,,,,,,,
5/20/22 18:24,20.9,8.2,19.3,761,2347,761.1,21.3,18.5,-3.4,3101,0,-21.3,179,180,20.6,point,,,,,,,
5/20/22 18:24,21,8.3,19.3,761,2347,761.1,20.5,18.7,-3.3,3104,0.7,-20.5,177,178,20.8,point,,,,,,,
5/20/22 18:24,21.1,8.4,19.3,761,2347,761.1,17.9,18.8,-3.2,3109,0.6,-17.9,177,178,21,point,,,,,,,
5/20/22 18:24,21.1,8.4,19.3,761,2347,761.1,16.2,19,-3.2,3110,0.3,-16.2,178,179,21.1,point,,,,,,,
5/20/22 18:24,21.1,8.4,19.3,761,2346,761.1,14.7,19,-3.2,3111,0.3,-14.7,179,179,21.1,point,,,,,,,
5/20/22 18:24,21.2,8.5,19.3,761.2,2346,761.2,19.7,19,-3.1,3111,1,-19.6,176,177,21.1,point,,,,,,,
5/20/22 18:24,21.2,8.5,19.2,761.2,2345,761.2,22.6,19.1,-3.1,3112,0.8,-22.6,178,178,21.1,point,,,,,,,
5/20/22 18:24,21.2,8.5,19.2,761.2,2344,761.3,22,19,-3.2,3109,0.4,-22,178,179,21,point,,,,,,,
5/20/22 18:24,21.1,8.4,19.2,761.2,2345,761.3,18,19,-3.3,3107,0.3,-18,179,179,21.1,point,,,,,,,
5/20/22 18:24,21,8.3,19.2,761.2,2345,761.3,25.2,18.8,-3.3,3104,3.1,-25,172,173,20.7,point,,,,,,,
5/20/22 18:24,20.9,8.2,19.2,761.2,2346,761.2,20.6,18.5,-3.5,3101,0.7,-20.6,177,178,20.6,point,,,,,,,
5/20/22 18:24,20.9,8.2,19.2,761,2347,761.1,19.9,18.5,-3.5,3101,1,-19.8,176,177,20.7,point,,,,,,,
5/20/22 18:24,20.9,8.2,19.2,761,2347,761.1,19.8,18.7,-3.4,3103,0.7,-19.7,177,178,20.8,point,,,,,,,
5/20/22 18:24,21.1,8.4,19.2,761,2346,761.1,18.6,18.8,-3.3,3108,0.6,-18.6,177,178,21,point,,,,,,,
5/20/22 18:24,21.1,8.4,19.2,761,2346,761.1,19.8,18.8,-3.3,3109,1.7,-19.7,175,175,21,point,,,,,,,
5/20/22 18:24,21.1,8.4,19.2,761,2346,761.1,18.2,18.8,-3.3,3109,1.3,-18.1,176,176,21,point,,,,,,,
5/20/22 18:24,21.1,8.4,19.2,761,2347,761,19.1,18.8,-3.3,3111,1,-19,177,177,21,point,,,,,,,
5/20/22 18:24,21.1,8.4,19.2,761,2347,761.1,22.3,18.8,-3.3,3108,0.8,-22.3,177,178,20.8,point,,,,,,,
5/20/22 18:24,21.1,8.4,19.2,761,2346,761.1,24.9,19,-3.2,3109,1.3,-24.9,177,177,20.9,point,,,,,,,
5/20/22 18:24,21.1,8.4,19.2,761.2,2346,761.2,21.8,18.8,-3.3,3107,0.4,-21.8,179,179,20.9,point,,,,,,,
5/20/22 18:24,21.1,8.5,19.2,761,2347,761.1,12.4,19,-3.2,3111,0.4,-12.4,178,178,21.1,point,,,,,,,
5/20/22 18:24,21.2,8.5,19.2,761,2347,761,12.3,19.1,-3.1,3116,0,-12.3,179,180,21.2,point,,,,,,,
5/20/22 18:24,21.3,8.5,19.2,761,2347,761,18.4,19.3,-3.1,3118,0.6,-18.4,177,178,21.3,point,,,,,,,
5/20/22 18:24,21.3,8.5,19.2,761,2347,761.1,19.3,19.3,-3.1,3116,1.7,-19.2,175,175,21.3,point,,,,,,,
5/20/22 18:24,21.2,8.5,19.2,761,2346,761.1,22.2,19.1,-3.2,3114,0.8,-22.2,178,178,21.1,point,,,,,,,
5/20/22 18:24,21.2,8.5,19.1,761.2,2346,761.1,23.8,19,-3.2,3112,0.8,-23.7,178,178,20.9,point,,,,,,,
5/20/22 18:24,21.2,8.4,19.1,761,2346,761.1,26.1,19,-3.2,3112,3.2,-25.9,172,173,20.8,point,,,,,,,
5/20/22 18:24,21.1,8.4,19.1,761,2346,761.1,22.6,18.8,-3.3,3108,2,-22.5,175,175,20.8,point,,,,,,,
5/20/22 18:24,21,8.3,19.2,761,2346,761.1,22.8,18.8,-3.4,3106,1.2,-22.8,177,177,20.8,point,,,,,,,
5/20/22 18:24,20.9,8.2,19.2,761.2,2346,761.1,23.4,18.7,-3.4,3102,0.8,-23.4,177,178,20.7,point,,,,,,,
5/20/22 18:25,20.9,8.2,19.2,761,2347,761.1,19.9,18.5,-3.5,3101,1,-19.9,177,177,20.7,point,,,,,,,
5/20/22 18:25,20.9,8.2,19.2,761,2347,761.1,21.7,18.7,-3.4,3102,0,-21.7,180,180,20.7,point,,,,,,,
5/20/22 18:25,20.9,8.2,19.2,761,2346,761.1,27.1,18.7,-3.4,3103,1.9,-27.1,176,176,20.5,point,,,,,,,
5/20/22 18:25,20.9,8.2,19.2,761.2,2345,761.2,27,18.7,-3.4,3102,0.9,-27,177,178,20.5,point,,,,,,,
5/20/22 18:25,21,8.3,19.2,761.2,2346,761.2,23.2,18.7,-3.3,3104,0.8,-23.1,178,178,20.7,point,,,,,,,
5/20/22 18:25,21,8.3,19.2,761.2,2346,761.2,25.7,18.8,-3.3,3105,0,-25.7,180,180,20.7,point,,,,,,,
5/20/22 18:25,21,8.3,19.2,761.2,2346,761.2,32.1,18.7,-3.4,3103,0.6,-32.1,178,179,20.4,point,,,,,,,
5/20/22 18:25,20.9,8.2,19.2,761.2,2345,761.3,31.1,18.7,-3.4,3101,1.1,-31.1,178,178,20.4,point,,,,,,,
5/20/22 18:25,20.9,8.2,19.2,761.2,2345,761.2,22.6,18.7,-3.4,3101,0,-22.6,179,180,20.7,point,,,,,,,
5/20/22 18:25,20.9,8.2,19.2,761.2,2346,761.1,26.5,18.7,-3.4,3102,0.5,-26.5,180,181,20.6,point,,,,,,,
5/20/22 18:25,20.9,8.2,19.2,761.2,2346,761.2,24.8,18.7,-3.4,3102,0.9,-24.8,177,178,20.6,point,,,,,,,
5/20/22 18:25,21.1,8.4,19.2,761,2346,761.1,22.6,18.8,-3.3,3109,0.8,-22.6,178,178,20.8,point,,,,,,,
5/20/22 18:25,21.1,8.4,19.2,761.2,2346,761.2,23.2,18.8,-3.2,3108,0.8,-23.2,178,178,20.8,point,,,,,,,
5/20/22 18:25,21.2,8.5,19.2,761.2,2346,761.2,20.4,19,-3.2,3111,1.1,-20.4,177,177,21,point,,,,,,,
5/20/22 18:25,21.2,8.5,19.2,761,2347,761.1,14.6,19.1,-3.2,3114,1.5,-14.6,174,174,21.2,point,,,,,,,
5/20/22 18:25,21.2,8.5,19.1,761,2347,761,16.4,19.1,-3.2,3115,1.1,-16.3,175,176,21.2,point,,,,,,,
5/20/22 18:25,21.2,8.5,19.2,761,2346,761.1,25.7,19.1,-3.2,3112,1.3,-25.7,176,177,21,point,,,,,,,
5/20/22 18:25,21.1,8.4,19.2,761,2346,761.1,22.5,19,-3.2,3111,1.2,-22.5,177,177,21,point,,,,,,,
5/20/22 18:25,21.1,8.4,19.2,761,2346,761.1,23.3,19,-3.2,3111,0.8,-23.3,177,178,20.9,point,,,,,,,
5/20/22 18:25,21.2,8.5,19.2,761,2347,761.1,18.2,19.1,-3.2,3112,0.3,-18.2,179,179,21.2,point,,,,,,,
5/20/22 18:25,21.3,8.5,19.2,761,2347,761.1,17.2,19.3,-3.1,3117,0.6,-17.2,178,178,21.3,point,,,,,,,
5/20/22 18:25,21.4,8.5,19.1,761,2347,761.1,20.7,19.4,-3,3120,1.1,-20.7,177,177,21.4,point,,,,,,,
5/20/22 18:25,21.4,8.5,19.1,761,2346,761.1,22,19.4,-3,3119,0.8,-21.9,177,178,21.4,point,,,,,,,
5/20/22 18:25,21.3,8.5,19.1,761,2346,761.1,22.6,19.3,-3.1,3117,0.8,-22.6,177,178,21.2,point,,,,,,,
5/20/22 18:25,21.3,8.5,19.1,761.2,2346,761.1,22.1,19.1,-3.2,3115,0.8,-22.1,177,178,21.1,point,,,,,,,
5/20/22 18:25,21.3,8.5,19.1,761,2346,761.1,24.6,19.3,-3.2,3117,0.9,-24.5,178,178,21.1,point,,,,,,,
5/20/22 18:25,21.3,8.5,19,761.2,2346,761.2,24.7,19.1,-3.2,3114,2.1,-24.6,174,175,21,point,,,,,,,
5/20/22 18:25,21.2,8.4,19,761.2,2346,761.2,28.9,19.1,-3.3,3112,2.5,-28.8,175,175,20.9,point,,,,,,,
5/20/22 18:25,21.1,8.4,19,761.2,2346,761.2,28.3,19,-3.4,3108,2,-28.2,176,176,20.8,point,,,,,,,
5/20/22 18:25,21,8.3,19,761,2346,761.1,26.8,18.8,-3.5,3107,0.9,-26.8,177,178,20.7,point,,,,,,,
5/20/22 18:26,21,8.3,19,761,2346,761.1,30.1,18.8,-3.5,3106,1.6,-30.1,176,177,20.6,point,,,,,,,
5/20/22 18:26,21.1,8.4,19,761.2,2346,761.2,26.9,19,-3.4,3108,0.9,-26.9,177,178,20.8,point,,,,,,,
5/20/22 18:26,21.2,8.4,19,761,2346,761.1,21,19,-3.3,3112,0.4,-21,179,179,21,point,,,,,,,
5/20/22 18:26,21.3,8.4,19,761,2347,761,20.2,19.1,-3.2,3117,1.1,-20.2,176,177,21.2,point,,,,,,,
5/20/22 18:26,21.4,8.5,19,761,2347,761.1,19.5,19.3,-3.2,3118,1.4,-19.5,176,177,21.3,point,,,,,,,
5/20/22 18:26,21.4,8.5,19,761,2347,761.1,17.3,19.4,-3.2,3119,1.2,-17.2,177,177,21.4,point,,,,,,,
5/20/22 18:26,21.4,8.5,19,761,2347,761.1,16,19.4,-3.1,3120,1.1,-16,176,177,21.4,point,,,,,,,
5/20/22 18:26,21.4,8.5,19,761,2347,761.1,23.3,19.3,-3.2,3118,1.2,-23.3,177,177,21.2,point,,,,,,,
5/20/22 18:26,21.3,8.4,19,761,2347,761.1,21,19.1,-3.3,3116,1.8,-20.9,175,176,21.1,point,,,,,,,
5/20/22 18:26,21.3,8.4,18.9,761,2347,761,14.5,19.1,-3.3,3116,0.3,-14.5,179,179,21.2,point,,,,,,,
5/20/22 18:26,21.3,8.4,18.9,761,2347,761.1,20.8,19.3,-3.3,3116,0.4,-20.8,178,179,21.3,point,,,,,,,
5/20/22 18:26,21.4,8.5,18.9,761,2347,761,19.8,19.3,-3.2,3119,0.7,-19.7,177,178,21.3,point,,,,,,,
5/20/22 18:26,21.4,8.5,18.9,761,2347,761.1,17.5,19.3,-3.2,3119,0.6,-17.5,177,178,21.3,point,,,,,,,
5/20/22 18:26,21.4,8.5,18.9,761,2347,761,16.8,19.3,-3.2,3119,1.2,-16.7,176,176,21.3,point,,,,,,,
5/20/22 18:26,21.3,8.4,18.9,761,2347,761,18.3,19.3,-3.3,3119,0.6,-18.2,178,178,21.3,point,,,,,,,
5/20/22 18:26,21.3,8.4,18.9,761,2347,761.1,19.5,19.3,-3.3,3117,0.3,-19.5,178,179,21.3,point,,,,,,,
5/20/22 18:26,21.3,8.4,18.9,761,2348,761,14.7,19.3,-3.3,3119,0.5,-14.6,178,178,21.3,point,,,,,,,
5/20/22 18:26,21.4,8.5,18.9,761,2347,761,10.6,19.4,-3.2,3121,0.2,-10.6,179,179,21.4,point,,,,,,,
5/20/22 18:26,21.5,8.6,18.9,760.9,2348,760.9,11.9,19.4,-3.2,3125,0.2,-11.9,178,179,21.4,point,,,,,,,
5/20/22 18:26,21.4,8.6,18.8,761,2348,761,15.1,19.4,-3.2,3122,0,-15.1,180,180,21.4,point,,,,,,,
5/20/22 18:26,21.4,8.5,18.8,761,2348,761,17.3,19.4,-3.3,3120,0,-17.3,179,180,21.4,point,,,,,,,
5/20/22 18:26,21.4,8.5,18.8,761,2347,761.1,19.8,19.3,-3.3,3118,0,-19.8,179,180,21.3,point,,,,,,,
5/20/22 18:26,21.3,8.4,18.8,761,2347,761.1,20,19.1,-3.4,3116,1,-20,182,183,21.2,point,,,,,,,
5/20/22 18:26,21.2,8.4,18.8,761,2347,761,13,19.1,-3.4,3116,0.2,-13,180,181,21.2,point,,,,,,,
5/20/22 18:26,21.2,8.4,18.8,761,2348,761,11.7,19.1,-3.5,3115,0.2,-11.7,178,179,21.2,point,,,,,,,
5/20/22 18:26,21.3,8.4,18.8,761,2348,761,14.5,19.1,-3.4,3116,0.3,-14.5,178,179,21.2,point,,,,,,,
5/20/22 18:26,21.4,8.5,18.8,761,2347,761,16.3,19.3,-3.3,3119,0.3,-16.3,179,179,21.3,point,,,,,,,
5/20/22 18:26,21.4,8.5,18.8,761,2348,761,13.7,19.4,-3.3,3121,1,-13.7,176,176,21.4,point,,,,,,,
5/20/22 18:26,21.4,8.5,18.8,761,2347,761,17.7,19.3,-3.3,3119,0,-17.7,180,180,21.3,point,,,,,,,
5/20/22 18:26,21.3,8.4,18.8,761,2347,761.1,24.1,19.1,-3.4,3115,0.4,-24.1,178,179,21,point,,,,,,,
5/20/22 18:27,21.2,8.4,18.8,761,2347,761.1,23.7,19.1,-3.5,3112,0.4,-23.7,179,179,21.1,point,,,,,,,
5/20/22 18:27,21.2,8.4,18.8,761,2346,761.1,20.8,19.1,-3.5,3113,0,-20.8,180,180,21.2,point,,,,,,,
5/20/22 18:27,21.2,8.4,18.8,761,2347,761,20.2,19.1,-3.5,3114,0,-20.2,179,180,21.2,point,,,,,,,
5/20/22 18:27,21.2,8.4,18.8,761,2347,761.1,22.2,19.1,-3.5,3113,0,-22.2,180,180,21.1,point,,,,,,,
5/20/22 18:27,21.2,8.4,18.8,761.2,2346,761.2,29.4,19.1,-3.5,3112,0.5,-29.4,180,181,20.9,point,,,,,,,
5/20/22 18:27,21.1,8.4,18.8,761.2,2346,761.2,27,19,-3.5,3110,0,-27,179,180,20.8,point,,,,,,,
5/20/22 18:27,21.1,8.4,18.8,761.2,2346,761.1,18.9,19,-3.5,3111,1,-18.9,176,177,21.1,point,,,,,,,
5/20/22 18:27,21.3,8.4,18.8,761,2347,761,15.3,19.1,-3.4,3117,0.3,-15.3,180,181,21.2,point,,,,,,,
5/20/22 18:27,21.3,8.4,18.8,761,2347,761.1,17.2,19.3,-3.4,3117,0.3,-17.2,180,181,21.3,point,,,,,,,
5/20/22 18:27,21.3,8.4,18.8,761,2347,761.1,17.2,19.3,-3.3,3118,0.3,-17.2,179,179,21.3,point,,,,,,,
5/20/22 18:27,21.4,8.5,18.8,761,2347,761.1,14.4,19.3,-3.3,3119,0.2,-14.4,179,179,21.3,point,,,,,,,
5/20/22 18:27,21.4,8.5,18.8,761,2347,761.1,16.6,19.4,-3.2,3121,0.3,-16.5,178,179,21.4,point,,,,,,,
5/20/22 18:27,21.4,8.5,18.8,761,2347,761.1,23.2,19.4,-3.3,3120,0.4,-23.2,179,179,21.3,point,,,,,,,
5/20/22 18:27,21.3,8.4,18.8,761,2346,761.1,26.8,19.3,-3.3,3117,0.5,-26.7,179,179,21.1,point,,,,,,,
5/20/22 18:27,21.2,8.4,18.8,761,2347,761.1,20.4,19.1,-3.4,3114,0,-20.4,180,180,21.2,point,,,,,,,
5/20/22 18:27,21.2,8.4,18.8,761,2347,761,15.2,19.1,-3.4,3114,0.3,-15.2,178,179,21.2,point,,,,,,,
5/20/22 18:27,21.2,8.4,18.8,761,2347,761,18.1,19.1,-3.4,3114,0.3,-18.1,179,179,21.2,point,,,,,,,
5/20/22 18:27,21.2,8.4,18.8,761,2347,761.1,18.2,19,-3.5,3112,0.3,-18.2,181,181,21.1,point,,,,,,,
5/20/22 18:27,21.1,8.4,18.9,761,2347,761,15.3,19,-3.5,3112,0.3,-15.3,179,179,21.1,point,,,,,,,
5/20/22 18:27,21.1,8.4,18.9,761,2347,761.1,20.2,18.8,-3.5,3108,0.3,-20.2,178,179,20.9,point,,,,,,,
5/20/22 18:27,21,8.2,18.9,761,2347,761,22.2,18.8,-3.6,3108,0.4,-22.2,178,179,20.8,point,,,,,,,
5/20/22 18:27,21.1,8.4,18.9,761,2347,761,21.2,19,-3.5,3111,0.4,-21.2,178,179,21,point,,,,,,,
5/20/22 18:27,21.2,8.4,18.9,761,2347,761.1,20,19.1,-3.4,3113,0,-20,180,180,21.2,point,,,,,,,
5/20/22 18:27,21.1,8.4,18.9,761,2347,761.1,20.7,19,-3.4,3111,0.4,-20.7,179,179,21,point,,,,,,,
5/20/22 18:27,21.1,8.4,18.9,761,2347,761,24.9,19,-3.5,3112,1.3,-24.9,176,177,20.9,point,,,,,,,
5/20/22 18:27,21.2,8.4,18.9,761,2347,761,16.4,19.1,-3.4,3115,1.1,-16.3,175,176,21.2,point,,,,,,,
5/20/22 18:27,21.3,8.4,18.9,760.9,2348,760.9,15.7,19.3,-3.3,3119,0.5,-15.7,177,178,21.3,point,,,,,,,
5/20/22 18:27,21.3,8.4,18.9,761,2347,761,18.5,19.3,-3.3,3118,1,-18.5,176,177,21.3,point,,,,,,,
5/20/22 18:27,21.3,8.4,19,761,2347,761,17.4,19.3,-3.3,3118,1.5,-17.3,174,175,21.3,point,,,,,,,
5/20/22 18:27,21.3,8.4,19,761,2347,761,13.8,19.1,-3.3,3117,1.2,-13.7,175,175,21.2,point,,,,,,,
5/20/22 18:28,21.3,8.4,19,760.9,2348,760.9,14.7,19.1,-3.3,3117,0.8,-14.7,176,177,21.2,point,,,,,,,
5/20/22 18:28,21.3,8.5,19.1,761,2348,761,22.1,19.3,-3.2,3118,1.2,-22,176,177,21.2,point,,,,,,,
5/20/22 18:28,21.3,8.5,19.1,761,2346,761.1,28.1,19.3,-3.2,3116,1,-28.1,177,178,21,point,,,,,,,
5/20/22 18:28,21.2,8.5,19.1,761,2346,761.1,27.5,19.1,-3.2,3114,2.4,-27.4,175,175,20.9,point,,,,,,,
5/20/22 18:28,21.3,8.5,19.1,761,2347,761.1,23.7,19.1,-3.2,3115,2.5,-23.6,174,174,21.1,point,,,,,,,
5/20/22 18:28,21.2,8.5,19.1,761,2347,761.1,22.8,19.1,-3.2,3114,1.6,-22.7,176,176,21.1,point,,,,,,,
5/20/22 18:28,21.2,8.4,19.1,761,2347,761,15.9,19.1,-3.3,3114,1.4,-15.9,175,175,21.2,point,,,,,,,
5/20/22 18:28,21.2,8.4,19.1,761,2348,761,11.9,19.1,-3.2,3115,0.8,-11.8,176,176,21.2,point,,,,,,,
5/20/22 18:28,21.2,8.5,19.1,761,2348,761,14.1,19.1,-3.2,3115,1,-14.1,175,176,21.2,point,,,,,,,
5/20/22 18:28,21.3,8.5,19.1,761,2347,761,18,19.3,-3.1,3117,1.3,-17.9,176,176,21.3,point,,,,,,,
5/20/22 18:28,21.4,8.5,19.1,761,2347,761,20.6,19.4,-3.1,3120,1.1,-20.5,176,177,21.4,point,,,,,,,
5/20/22 18:28,21.4,8.5,19.1,761.2,2346,761.2,25,19.4,-3,3119,0.9,-25,178,178,21.3,point,,,,,,,
5/20/22 18:28,21.4,8.6,19.1,761.2,2346,761.2,24.4,19.4,-3,3119,0.4,-24.4,178,179,21.3,point,,,,,,,
5/20/22 18:28,21.4,8.5,19.1,761,2346,761.1,22.2,19.4,-3.1,3119,0,-22.2,180,180,21.4,point,,,,,,,
5/20/22 18:28,21.4,8.5,19,761,2347,761.1,22,19.3,-3.2,3118,0.8,-22,177,178,21.2,point,,,,,,,
5/20/22 18:28,21.3,8.5,19,761,2346,761.1,25.9,19.3,-3.2,3118,0.5,-25.9,178,179,21.1,point,,,,,,,
5/20/22 18:28,21.4,8.5,19,761.2,2346,761.2,25,19.3,-3.2,3116,0.4,-24.9,179,179,21.1,point,,,,,,,
5/20/22 18:28,21.3,8.4,18.9,761.2,2345,761.2,26.4,19.1,-3.3,3113,0.9,-26.3,178,178,21,point,,,,,,,
5/20/22 18:28,21.1,8.4,18.9,761,2346,761.1,23.5,19,-3.4,3111,0.8,-23.4,177,178,20.9,point,,,,,,,
5/20/22 18:28,21.1,8.4,18.9,761.2,2346,761.1,25.8,18.8,-3.5,3109,2.2,-25.7,175,175,20.7,point,,,,,,,
5/20/22 18:28,21,8.3,18.9,761,2346,761.1,27.5,18.8,-3.5,3107,0.5,-27.5,178,179,20.7,point,,,,,,,
5/20/22 18:28,21.1,8.4,18.9,761.2,2346,761.1,23.4,19,-3.4,3111,0,-23.4,179,180,20.9,point,,,,,,,
5/20/22 18:28,21.2,8.4,18.9,761,2347,761.1,24.1,19.1,-3.4,3113,1.3,-24,177,177,21,point,,,,,,,
5/20/22 18:28,21.2,8.4,18.9,761.2,2346,761.2,30.1,19,-3.4,3111,1,-30.1,178,178,20.7,point,,,,,,,
5/20/22 18:28,21.1,8.4,19,761.2,2345,761.3,30.2,18.8,-3.5,3105,2.1,-30.1,176,176,20.6,point,,,,,,,
5/20/22 18:28,21,8.3,19,761,2346,761.1,22.1,18.8,-3.5,3106,1.2,-22,176,177,20.8,point,,,,,,,
5/20/22 18:28,21.1,8.4,19,761.2,2346,761.1,18.9,18.8,-3.5,3108,0.7,-18.9,178,178,21,point,,,,,,,
5/20/22 18:28,21.1,8.4,19,761,2347,761.1,21.6,19,-3.4,3111,0,-21.6,179,180,21,point,,,,,,,
5/20/22 18:28,21.2,8.4,19,761.2,2346,761.2,23.3,19.1,-3.3,3112,0.4,-23.3,178,179,21.1,point,,,,,,,
5/20/22 18:28,21.2,8.4,19,761,2346,761.1,21.3,19.1,-3.3,3113,1.5,-21.2,176,176,21.1,point,,,,,,,
5/20/22 18:29,21.2,8.4,19,761,2347,761.1,17.6,19.1,-3.3,3113,0.9,-17.5,177,177,21.2,point,,,,,,,
5/20/22 18:29,21.3,8.5,19,761,2348,761,13.5,19.1,-3.2,3117,0.7,-13.5,176,177,21.2,point,,,,,,,
5/20/22 18:29,21.3,8.5,19,761,2348,761,16.2,19.3,-3.2,3118,0.6,-16.2,178,178,21.3,point,,,,,,,
5/20/22 18:29,21.3,8.5,19,761,2347,761,17.7,19.3,-3.2,3118,0.6,-17.7,177,178,21.3,point,,,,,,,
5/20/22 18:29,21.3,8.5,19,761,2348,761,15.3,19.3,-3.2,3118,0.8,-15.3,176,177,21.3,point,,,,,,,
5/20/22 18:29,21.3,8.5,19,761,2347,761,19.5,19.3,-3.2,3118,1,-19.4,177,177,21.3,point,,,,,,,
5/20/22 18:29,21.3,8.5,19,761,2347,761.1,22,19.3,-3.2,3117,1.5,-21.9,176,176,21.2,point,,,,,,,
5/20/22 18:29,21.4,8.5,19,761,2347,761.1,19.2,19.4,-3.2,3119,1.7,-19.2,174,175,21.4,point,,,,,,,
5/20/22 18:29,21.4,8.5,19,761,2347,761.1,26.7,19.3,-3.2,3119,1.4,-26.7,176,177,21.1,point,,,,,,,
5/20/22 18:29,21.3,8.4,19,761.2,2346,761.1,30.7,19.1,-3.3,3115,0,-30.7,180,180,20.8,point,,,,,,,
5/20/22 18:29,21.2,8.4,19,761.2,2345,761.2,26.5,19,-3.4,3110,0.5,-26.5,178,179,20.8,point,,,,,,,
5/20/22 18:29,21.2,8.4,19,761.2,2346,761.2,22.9,19.1,-3.3,3112,0.8,-22.9,178,178,21.1,point,,,,,,,
5/20/22 18:29,21.2,8.4,19,761,2346,761.1,22.2,19.1,-3.3,3114,0.4,-22.2,178,179,21.1,point,,,,,,,
5/20/22 18:29,21.3,8.4,19,761,2347,761.1,17.3,19.1,-3.3,3115,0.9,-17.2,177,177,21.2,point,,,,,,,
5/20/22 18:29,21.4,8.5,19,761,2348,761,14.7,19.3,-3.2,3119,0.5,-14.7,178,178,21.3,point,,,,,,,
5/20/22 18:29,21.4,8.5,19,761,2348,761,17.6,19.3,-3.2,3119,0.9,-17.6,177,177,21.3,point,,,,,,,
5/20/22 18:29,21.4,8.5,19,761,2347,761,18.8,19.4,-3.1,3121,0,-18.8,179,180,21.4,point,,,,,,,
5/20/22 18:29,21.5,8.6,19,761,2346,761.1,18,19.4,-3.1,3122,0.3,-18,179,179,21.4,point,,,,,,,
5/20/22 18:29,21.6,8.6,19,761,2346,761.1,15.7,19.6,-3,3124,0.8,-15.7,177,177,21.5,point,,,,,,,
5/20/22 18:29,21.6,8.6,19,761,2347,761.1,17.1,19.6,-3,3125,0.3,-17.1,179,179,21.5,point,,,,,,,
5/20/22 18:29,21.5,8.6,18.9,761,2347,761,14.8,19.6,-3.1,3125,0.5,-14.8,178,178,21.5,point,,,,,,,
5/20/22 18:29,21.5,8.6,18.9,761,2348,761,13.1,19.6,-3.1,3124,0,-13.1,179,180,21.5,point,,,,,,,
5/20/22 18:29,21.5,8.6,18.9,761,2348,761,13.3,19.4,-3.1,3123,0,-13.3,179,180,21.4,point,,,,,,,
5/20/22 18:29,21.4,8.5,18.9,761,2347,761,14.1,19.4,-3.2,3121,0.2,-14.1,180,181,21.4,point,,,,,,,
5/20/22 18:29,21.4,8.5,18.9,761,2347,761,15.5,19.3,-3.2,3119,0.5,-15.5,181,182,21.3,point,,,,,,,
5/20/22 18:29,21.4,8.5,18.9,761,2348,761,13.1,19.3,-3.2,3119,0,-13.1,180,180,21.3,point,,,,,,,
5/20/22 18:29,21.4,8.5,18.9,761,2348,761,9.6,19.3,-3.2,3120,0.2,-9.6,178,179,21.3,point,,,,,,,
5/20/22 18:29,21.4,8.5,18.9,761,2348,761,13.7,19.4,-3.2,3120,0,-13.7,180,180,21.4,point,,,,,,,
5/20/22 18:29,21.4,8.5,18.9,761,2348,761,13.8,19.3,-3.2,3119,0.2,-13.8,178,179,21.3,point,,,,,,,
5/20/22 18:29,21.3,8.4,18.9,761,2347,761,17.6,19.3,-3.3,3118,0,-17.6,180,180,21.3,point,,,,,,,
5/20/22 18:30,21.3,8.4,18.9,761,2347,761.1,18.3,19.1,-3.3,3115,0,-18.2,179,180,21.2,point,,,,,,,
5/20/22 18:30,21.2,8.4,18.9,761,2347,761,15.8,19.1,-3.3,3115,0.3,-15.8,178,179,21.2,point,,,,,,,
5/20/22 18:30,21.2,8.4,18.9,761,2348,761,16.8,19,-3.4,3113,0.3,-16.8,178,179,21.1,point,,,,,,,
5/20/22 18:30,21.1,8.4,18.9,761,2348,761,16.1,19,-3.4,3112,0.3,-16.1,180,181,21.1,point,,,,,,,
5/20/22 18:30,21.1,8.4,19,761,2348,761,17.6,19,-3.4,3112,0,-17.6,180,180,21.1,point,,,,,,,
5/20/22 18:30,21.1,8.4,19,761,2347,761,21,19,-3.4,3112,0.4,-21,178,179,21,point,,,,,,,
5/20/22 18:30,21.1,8.4,19,761,2347,761.1,25.3,19,-3.4,3111,0.4,-25.3,180,181,20.9,point,,,,,,,
5/20/22 18:30,21.1,8.4,19,761,2346,761.1,22.7,19,-3.4,3111,0.8,-22.7,178,178,20.9,point,,,,,,,
5/20/22 18:30,21.1,8.4,19,761,2347,761.1,19.8,19,-3.4,3110,0,-19.8,180,180,21.1,point,,,,,,,
5/20/22 18:30,21.1,8.4,19,761,2347,761,15.5,19,-3.4,3112,0.3,-15.5,179,179,21.1,point,,,,,,,
5/20/22 18:30,21.1,8.4,19.1,761,2347,761,16.6,19,-3.4,3112,0,-16.5,180,180,21.1,point,,,,,,,
5/20/22 18:30,21.1,8.4,19.1,761,2347,761,17,19,-3.3,3112,0.3,-17,179,179,21.1,point,,,,,,,
5/20/22 18:30,21.2,8.4,19.1,761,2347,761,15.5,19,-3.3,3113,0,-15.5,179,180,21.1,point,,,,,,,
5/20/22 18:30,21.2,8.4,19.1,761,2347,761,16.2,19,-3.3,3113,0,-16.2,179,180,21.1,point,,,,,,,
5/20/22 18:30,21.2,8.5,19.1,761,2347,761,17,19.1,-3.2,3114,0.3,-17,180,181,21.2,point,,,,,,,
5/20/22 18:30,21.3,8.5,19.1,761,2347,761,16.5,19.1,-3.2,3116,0.3,-16.5,179,179,21.2,point,,,,,,,
5/20/22 18:30,21.4,8.5,19.2,761,2347,761,12.7,19.3,-3.1,3119,0.9,-12.6,175,176,21.3,point,,,,,,,
5/20/22 18:30,21.5,8.6,19.2,761,2348,761,11.1,19.6,-3,3124,0.6,-11.1,176,177,21.5,point,,,,,,,
5/20/22 18:30,21.6,8.7,19.2,761,2348,761,11.6,19.6,-2.9,3126,0,-11.6,179,180,21.5,point,,,,,,,
5/20/22 18:30,21.5,8.6,19.2,761,2348,761,11.3,19.6,-2.9,3125,0.2,-11.3,178,179,21.5,point,,,,,,,
5/20/22 18:30,21.5,8.6,19.2,761,2348,761,10.5,19.6,-2.9,3125,0.5,-10.5,177,177,21.5,point,,,,,,,
5/20/22 18:30,21.6,8.7,19.1,761,2348,761,11.9,19.6,-2.9,3128,0.4,-11.9,177,178,21.6,point,,,,,,,
5/20/22 18:30,21.6,8.7,19.1,760.9,2348,760.9,12.1,19.6,-2.9,3129,0.4,-12.1,177,178,21.6,point,,,,,,,
5/20/22 18:30,21.6,8.7,19.1,760.9,2348,760.9,13.7,19.6,-2.9,3130,0.2,-13.7,179,179,21.6,point,,,,,,,
5/20/22 18:30,21.7,8.8,19.1,761,2348,761,14.6,19.6,-2.9,3130,0.3,-14.6,179,179,21.6,point,,,,,,,
5/20/22 18:30,21.7,8.8,19.1,760.9,2348,760.9,13.9,19.6,-2.9,3131,0.5,-13.9,178,178,21.6,point,,,,,,,
5/20/22 18:30,21.7,8.8,19,761,2347,761,15.6,19.7,-2.8,3132,0.3,-15.6,179,179,21.7,point,,,,,,,
5/20/22 18:30,21.8,8.8,19,761,2348,761,15.5,19.7,-2.8,3132,0.3,-15.5,177,177,21.7,point,,,,,,,
5/20/22 18:30,21.8,8.8,19,761,2347,761,14.6,19.8,-2.8,3135,0.5,-14.6,179,180,21.8,point,,,,,,,
5/20/22 18:30,21.9,8.8,19,761,2348,761,14.1,19.9,-2.8,3138,0.2,-14.1,180,181,21.9,point,,,,,,,
5/20/22 18:31,22,8.9,19,761,2348,761,11.5,20,-2.7,3140,0.4,-11.5,176,177,22,point,,,,,,,
5/20/22 18:31,22,8.9,18.9,761,2348,761,11,20,-2.7,3141,0.6,-11,177,177,22,point,,,,,,,
5/20/22 18:31,21.9,8.8,18.9,761,2347,761,12,19.8,-2.8,3138,0.6,-12,177,177,21.8,point,,,,,,,
5/20/22 18:31,21.9,8.8,18.9,761,2347,761,14.2,19.8,-2.8,3137,0.5,-14.2,178,178,21.8,point,,,,,,,
5/20/22 18:31,21.8,8.8,18.9,761,2347,761,13.6,19.8,-2.9,3136,0.7,-13.5,177,177,21.8,point,,,,,,,
5/20/22 18:31,21.8,8.8,18.9,761,2347,761,12,19.8,-2.9,3135,0.6,-12,177,177,21.8,point,,,,,,,
5/20/22 18:31,21.9,8.8,18.8,761,2348,761,12.8,19.8,-2.9,3136,0.9,-12.8,175,176,21.8,point,,,,,,,
5/20/22 18:31,21.8,8.7,18.8,761,2347,761.1,17.8,19.7,-3,3132,0.9,-17.7,177,177,21.7,point,,,,,,,
5/20/22 18:31,21.7,8.6,18.8,761,2347,761,19.3,19.6,-3.1,3129,1.7,-19.3,175,175,21.6,point,,,,,,,
5/20/22 18:31,21.6,8.6,18.8,761,2347,761.1,18.4,19.6,-3.2,3124,1.6,-18.3,175,175,21.5,point,,,,,,,
5/20/22 18:31,21.4,8.5,18.8,761,2347,761.1,21.6,19.4,-3.3,3120,0.8,-21.6,178,178,21.4,point,,,,,,,
5/20/22 18:31,21.3,8.4,18.9,761,2347,761.1,24.3,19.3,-3.3,3118,1.7,-24.2,176,176,21.2,point,,,,,,,
5/20/22 18:31,21.3,8.4,18.9,761,2346,761.1,22.7,19.1,-3.4,3115,1.2,-22.7,177,177,21.1,point,,,,,,,
5/20/22 18:31,21.2,8.4,18.9,761,2347,761.1,22.5,19.1,-3.4,3114,2,-22.4,174,175,21.1,point,,,,,,,
5/20/22 18:31,21.3,8.4,18.9,761,2346,761.1,20.2,19.3,-3.3,3117,0.7,-20.2,177,178,21.3,point,,,,,,,
5/20/22 18:31,21.5,8.6,18.9,761,2346,761.1,19.1,19.6,-3.1,3122,1,-19.1,177,177,21.5,point,,,,,,,
5/20/22 18:31,21.6,8.6,18.9,761,2347,761.1,20.1,19.6,-3,3128,0.7,-20.1,177,178,21.6,point,,,,,,,
5/20/22 18:31,21.6,8.6,18.9,761,2347,761.1,17.8,19.6,-3,3127,0.6,-17.8,178,178,21.6,point,,,,,,,
5/20/22 18:31,21.5,8.6,18.9,761,2347,761,15.4,19.6,-3.1,3125,0.3,-15.4,178,179,21.5,point,,,,,,,
5/20/22 18:31,21.4,8.5,18.9,761,2348,761,13.8,19.4,-3.2,3121,0.7,-13.8,177,177,21.4,point,,,,,,,
5/20/22 18:31,21.5,8.6,18.9,761,2348,761,16.5,19.4,-3.1,3123,0.6,-16.5,177,178,21.4,point,,,,,,,
5/20/22 18:31,21.6,8.6,18.9,761,2347,761,18.9,19.6,-3.1,3126,0.3,-18.9,178,179,21.5,point,,,,,,,
5/20/22 18:31,21.6,8.6,18.9,761,2347,761.1,16.5,19.6,-3,3128,0.3,-16.5,179,179,21.6,point,,,,,,,
5/20/22 18:31,21.7,8.6,18.9,761,2348,761,12.5,19.7,-3,3130,0.7,-12.4,182,183,21.7,point,,,,,,,
5/20/22 18:31,21.7,8.6,18.9,761,2347,761,12.9,19.6,-3,3130,0.2,-12.9,181,181,21.6,point,,,,,,,
5/20/22 18:31,21.6,8.6,18.9,761,2347,761,16.1,19.6,-3,3129,0,-16.1,180,180,21.6,point,,,,,,,
5/20/22 18:31,21.6,8.6,18.9,761,2347,761.1,21.1,19.6,-3,3127,0.4,-21.1,178,179,21.6,point,,,,,,,
5/20/22 18:31,21.5,8.6,18.9,761.2,2346,761.2,23.9,19.6,-3.1,3122,0.8,-23.9,181,182,21.4,point,,,,,,,
5/20/22 18:31,21.4,8.5,18.9,761.2,2346,761.2,24,19.3,-3.2,3118,0,-24,180,180,21.2,point,,,,,,,
5/20/22 18:31,21.3,8.4,18.9,761,2346,761.1,23.8,19.1,-3.3,3116,0.4,-23.8,179,179,21,point,,,,,,,
5/20/22 18:32,21.2,8.4,18.9,761.2,2346,761.2,24.9,19.1,-3.4,3112,0.9,-24.9,178,178,21,point,,,,,,,
5/20/22 18:32,21.2,8.4,18.9,761,2346,761.1,21.3,19.1,-3.4,3112,0.4,-21.3,178,179,21.1,point,,,,,,,
5/20/22 18:32,21.2,8.4,19,761,2346,761.1,20.5,19.1,-3.3,3113,0,-20.5,179,180,21.2,point,,,,,,,
5/20/22 18:32,21.2,8.4,19,761,2346,761.1,24.1,19.1,-3.3,3114,0,-24.1,179,180,21,point,,,,,,,
5/20/22 18:32,21.1,8.4,19,761.2,2346,761.2,22,19,-3.4,3109,0,-21.9,179,180,21,point,,,,,,,
5/20/22 18:32,21,8.3,19,761,2347,761.1,15,18.7,-3.5,3105,0.3,-15,181,181,20.9,point,,,,,,,
5/20/22 18:32,20.9,8.2,19,761,2347,761,12.5,18.7,-3.5,3104,0.2,-12.5,178,179,20.9,point,,,,,,,
5/20/22 18:32,20.9,8.3,19,761,2348,761,14.2,18.7,-3.5,3105,0.2,-14.2,179,179,20.9,point,,,,,,,
5/20/22 18:32,21,8.3,19,761,2348,761,18.7,18.8,-3.5,3108,0.3,-18.7,179,179,21,point,,,,,,,
5/20/22 18:32,21.1,8.4,19,761,2347,761,21.4,18.8,-3.4,3111,0.4,-21.3,181,181,20.9,point,,,,,,,
5/20/22 18:32,21.1,8.4,19.1,761,2347,761.1,18.9,18.8,-3.4,3109,0.3,-18.9,179,179,21,point,,,,,,,
5/20/22 18:32,21.1,8.4,19.1,761,2347,761.1,23.1,19,-3.3,3109,0,-23.1,179,180,20.9,point,,,,,,,
5/20/22 18:32,21,8.3,19.1,761,2346,761.1,22.2,18.8,-3.4,3107,0.4,-22.2,178,179,20.8,point,,,,,,,
5/20/22 18:32,21,8.3,19.2,761,2347,761.1,16.9,18.7,-3.4,3105,0.6,-16.8,178,178,20.9,point,,,,,,,
5/20/22 18:32,21,8.3,19.2,761,2347,761.1,22.6,18.7,-3.4,3105,0.4,-22.6,179,179,20.7,point,,,,,,,
5/20/22 18:32,21,8.3,19.2,761,2347,761.1,25.6,18.7,-3.3,3104,0,-25.6,179,180,20.6,point,,,,,,,
5/20/22 18:32,21,8.3,19.3,761,2347,761.1,23.1,18.7,-3.3,3105,0,-23.1,180,180,20.7,point,,,,,,,
5/20/22 18:32,21,8.4,19.3,761,2347,761.1,22.1,18.8,-3.2,3107,0,-22.1,179,180,20.8,point,,,,,,,
5/20/22 18:32,21.1,8.4,19.4,761,2347,761.1,19.2,19,-3.1,3111,0.3,-19.2,178,179,21.1,point,,,,,,,
5/20/22 18:32,21.2,8.5,19.4,761,2347,761,17.2,19.1,-3,3115,0,-17.2,179,180,21.2,point,,,,,,,
5/20/22 18:32,21.3,8.5,19.4,761,2348,761,16,19.3,-3,3118,0.6,-16,178,178,21.3,point,,,,,,,
5/20/22 18:32,21.4,8.6,19.4,761,2348,761,17,19.3,-2.9,3119,1.2,-16.9,175,176,21.3,point,,,,,,,
5/20/22 18:32,21.4,8.6,19.4,761,2347,761,21.3,19.4,-2.9,3120,0.7,-21.3,177,178,21.4,point,,,,,,,
5/20/22 18:32,21.3,8.6,19.4,761.2,2346,761.1,31.7,19.3,-2.9,3117,1.7,-31.7,177,177,20.9,point,,,,,,,
5/20/22 18:32,21.1,8.4,19.4,761.2,2345,761.3,34.3,19,-3.1,3107,1.2,-34.3,178,178,20.6,point,,,,,,,
5/20/22 18:32,21,8.3,19.4,761.2,2346,761.2,23.5,18.7,-3.2,3103,0.8,-23.5,178,178,20.7,point,,,,,,,
5/20/22 18:32,20.9,8.2,19.4,761.2,2346,761.1,21.3,18.7,-3.3,3103,0.7,-21.3,177,178,20.7,point,,,,,,,
5/20/22 18:32,21,8.4,19.4,761,2347,761,20.5,18.8,-3.2,3108,0.4,-20.5,180,181,20.9,point,,,,,,,
5/20/22 18:32,21.1,8.4,19.4,761,2346,761.1,22.6,19,-3.1,3110,0,-22.6,180,180,21,point,,,,,,,
5/20/22 18:32,21.1,8.4,19.4,761,2347,761.1,22,19,-3.1,3110,0.4,-21.9,180,181,21,point,,,,,,,
5/20/22 18:33,21.1,8.4,19.4,761,2347,761,18.7,18.8,-3.1,3110,0.3,-18.7,181,181,21,point,,,,,,,
5/20/22 18:33,21.1,8.4,19.4,761,2347,761,21.7,18.8,-3.1,3110,0,-21.7,180,180,20.9,point,,,,,,,
5/20/22 18:33,21.1,8.4,19.4,761,2346,761.1,24.7,19,-3.1,3110,0.4,-24.7,178,179,20.9,point,,,,,,,
5/20/22 18:33,21.2,8.5,19.4,761,2347,761.1,20.8,19,-3,3112,0.4,-20.8,180,181,21,point,,,,,,,
5/20/22 18:33,21.2,8.5,19.5,761,2347,761.1,22.2,19,-3,3112,0.8,-22.2,181,182,21,point,,,,,,,
5/20/22 18:33,21.1,8.4,19.5,761,2347,761.1,26.4,18.8,-3.1,3109,0,-26.4,180,180,20.7,point,,,,,,,
5/20/22 18:33,21,8.4,19.5,761,2346,761.1,28.7,18.7,-3.2,3105,0,-28.7,179,180,20.5,point,,,,,,,
5/20/22 18:33,20.9,8.4,19.5,761,2346,761.1,25.1,18.7,-3.2,3102,0.4,-25.1,178,179,20.6,point,,,,,,,
5/20/22 18:33,20.9,8.4,19.5,761,2347,761.1,22.7,18.7,-3.2,3103,0.4,-22.7,181,181,20.7,point,,,,,,,
5/20/22 18:33,21,8.4,19.5,761,2347,761,19,18.7,-3.2,3107,0,-19,180,180,20.9,point,,,,,,,
5/20/22 18:33,21,8.4,19.5,761,2347,761.1,20.9,18.8,-3.1,3108,0.7,-20.9,178,178,20.9,point,,,,,,,
5/20/22 18:33,21.1,8.4,19.5,761,2346,761.1,27.7,18.8,-3,3110,1,-27.6,178,178,20.7,point,,,,,,,
5/20/22 18:33,21,8.4,19.5,761.2,2346,761.2,28.5,18.8,-3.1,3107,3,-28.4,173,174,20.6,point,,,,,,,
5/20/22 18:33,21,8.4,19.5,761,2346,761.1,24.7,18.8,-3.1,3107,2.1,-24.6,175,175,20.8,point,,,,,,,
5/20/22 18:33,21,8.4,19.6,761.2,2346,761.2,24.4,18.7,-3.1,3104,0.4,-24.4,178,179,20.6,point,,,,,,,
5/20/22 18:33,21,8.4,19.6,761,2346,761.1,21.3,18.8,-3.1,3107,0.4,-21.3,178,179,20.9,point,,,,,,,
5/20/22 18:33,21,8.4,19.6,761.2,2346,761.2,28,18.7,-3.1,3105,1,-28,177,178,20.5,point,,,,,,,
5/20/22 18:33,20.9,8.4,19.6,761.2,2345,761.2,35.8,18.7,-3.1,3104,1.9,-35.7,176,177,20.3,point,,,,,,,
5/20/22 18:33,20.9,8.4,19.6,761.2,2346,761.2,27.1,18.7,-3.1,3103,1.9,-27,176,176,20.5,point,,,,,,,
5/20/22 18:33,21,8.4,19.6,761.2,2346,761.1,24,18.7,-3.1,3106,0.8,-24,177,178,20.6,point,,,,,,,
5/20/22 18:33,21,8.4,19.6,761.2,2345,761.2,31.4,18.7,-3.1,3105,0.5,-31.4,178,179,20.4,point,,,,,,,
5/20/22 18:33,21.1,8.4,19.6,761.2,2346,761.2,27.2,18.8,-3,3108,1.4,-27.1,176,177,20.7,point,,,,,,,
5/20/22 18:33,21.1,8.4,19.6,761,2346,761.1,27.3,18.8,-3,3110,1,-27.3,177,178,20.7,point,,,,,,,
5/20/22 18:33,21.1,8.4,19.5,761,2346,761.1,24.3,18.8,-3,3110,2.5,-24.2,174,174,20.8,point,,,,,,,
5/20/22 18:33,21.1,8.4,19.5,761.2,2346,761.1,18.7,18.8,-3,3110,0.7,-18.7,177,178,21,point,,,,,,,
5/20/22 18:33,21.1,8.4,19.5,761,2348,761,13.8,19,-3,3113,0.7,-13.8,176,177,21.1,point,,,,,,,
5/20/22 18:33,21.1,8.4,19.5,761,2347,761.1,24.7,19,-3,3111,2.2,-24.6,175,175,20.9,point,,,,,,,
5/20/22 18:33,21,8.4,19.6,761.2,2346,761.2,28.9,18.8,-3.1,3106,1.5,-28.8,176,177,20.6,point,,,,,,,
5/20/22 18:33,21,8.4,19.6,761.2,2345,761.2,31.1,18.7,-3.1,3104,1.6,-31,177,177,20.4,point,,,,,,,
5/20/22 18:33,20.9,8.4,19.6,761.2,2344,761.3,35.2,18.5,-3.2,3100,1.2,-35.2,177,178,20.2,point,,,,,,,
5/20/22 18:34,20.8,8.2,19.5,761.2,2344,761.4,33.1,18.4,-3.3,3094,1.2,-33.1,178,178,20.1,point,,,,,,,
5/20/22 18:34,20.8,8.2,19.5,761.2,2345,761.3,31.1,18.4,-3.3,3098,0,-31.1,180,180,20.1,point,,,,,,,
5/20/22 18:34,20.8,8.2,19.5,761.2,2344,761.3,33.7,18.5,-3.3,3098,1.2,-33.6,177,178,20.2,point,,,,,,,
5/20/22 18:34,20.9,8.4,19.5,761.2,2345,761.2,29.7,18.5,-3.2,3101,1.6,-29.6,176,177,20.3,point,,,,,,,
5/20/22 18:34,20.9,8.4,19.5,761.2,2346,761.2,22.9,18.7,-3.2,3104,2,-22.8,175,175,20.7,point,,,,,,,
5/20/22 18:34,20.9,8.4,19.5,761,2346,761.1,21.6,18.7,-3.1,3105,1.5,-21.6,175,176,20.7,point,,,,,,,
5/20/22 18:34,20.9,8.4,19.6,761,2347,761.1,20,18.7,-3.2,3103,1.4,-20,175,176,20.8,point,,,,,,,
5/20/22 18:34,20.9,8.4,19.6,761,2347,761.1,24.4,18.7,-3.2,3103,2.1,-24.3,175,175,20.6,point,,,,,,,
5/20/22 18:34,20.9,8.4,19.6,761,2347,761.1,23.8,18.7,-3.2,3104,1.2,-23.7,176,177,20.7,point,,,,,,,
5/20/22 18:34,20.9,8.4,19.6,761,2347,761.1,21.7,18.7,-3.1,3105,1.9,-21.7,174,175,20.7,point,,,,,,,
5/20/22 18:34,20.9,8.4,19.6,761,2347,761.1,23,18.7,-3.1,3105,2,-22.9,175,175,20.7,point,,,,,,,
5/20/22 18:34,20.9,8.4,19.6,761,2347,761.1,21.9,18.7,-3.1,3104,1.1,-21.9,176,176,20.7,point,,,,,,,
5/20/22 18:34,20.9,8.4,19.6,761,2347,761.1,19.3,18.7,-3.1,3105,1.7,-19.2,175,175,20.8,point,,,,,,,
5/20/22 18:34,20.9,8.4,19.6,761,2347,761,21.1,18.7,-3.1,3106,0.7,-21.1,177,178,20.8,point,,,,,,,
5/20/22 18:34,21,8.4,19.6,761,2346,761.1,27.6,18.7,-3.1,3105,1,-27.6,178,179,20.5,point,,,,,,,
5/20/22 18:34,20.9,8.4,19.6,761.2,2345,761.2,32.3,18.7,-3.1,3103,0.6,-32.3,178,179,20.4,point,,,,,,,
5/20/22 18:34,20.9,8.4,19.6,761.2,2346,761.2,27.7,18.7,-3.1,3102,1.4,-27.6,178,178,20.5,point,,,,,,,
5/20/22 18:34,20.9,8.4,19.6,761.2,2346,761.2,28.6,18.7,-3.1,3102,2,-28.5,176,176,20.5,point,,,,,,,
5/20/22 18:34,20.9,8.4,19.6,761.2,2345,761.2,30.2,18.7,-3.1,3104,2.6,-30.1,175,175,20.4,point,,,,,,,
5/20/22 18:34,20.9,8.4,19.6,761.2,2345,761.2,30.2,18.7,-3.1,3104,2.1,-30.2,175,176,20.4,point,,,,,,,
5/20/22 18:34,20.9,8.4,19.6,761.2,2346,761.2,29.8,18.7,-3.1,3104,2.1,-29.7,176,176,20.4,point,,,,,,,
5/20/22 18:34,20.9,8.4,19.6,761.2,2345,761.3,32,18.7,-3.1,3101,1.7,-32,177,177,20.4,point,,,,,,,
5/20/22 18:34,20.9,8.4,19.6,761.2,2345,761.2,28.1,18.7,-3.1,3104,1,-28,177,178,20.5,point,,,,,,,
5/20/22 18:34,21,8.4,19.6,761.2,2345,761.2,30,18.8,-3,3106,1.6,-29.9,176,177,20.6,point,,,,,,,
5/20/22 18:34,21,8.4,19.6,761.2,2346,761.2,29.3,18.8,-3,3106,2,-29.2,176,176,20.6,point,,,,,,,
5/20/22 18:34,21,8.4,19.6,761,2347,761.1,25.9,18.8,-3,3109,1.4,-25.9,177,177,20.7,point,,,,,,,
5/20/22 18:34,21.1,8.4,19.6,761,2346,761.1,25.4,18.8,-3,3109,1.3,-25.4,176,177,20.7,point,,,,,,,
5/20/22 18:34,21,8.4,19.6,761.2,2346,761.1,25.2,18.8,-3,3108,1.3,-25.2,177,177,20.7,point,,,,,,,
5/20/22 18:34,21,8.4,19.6,761,2347,761.1,23.9,18.7,-3.1,3107,0.8,-23.9,177,178,20.6,point,,,,,,,
5/20/22 18:34,20.9,8.4,19.6,761,2347,761.1,23.9,18.7,-3.1,3105,0,-23.9,179,180,20.6,point,,,,,,,